Timing Analyzer report for jogo_de_velocidade
Wed Mar 25 22:27:03 2026
Quartus Prime Version 25.1std.0 Build 1129 10/21/2025 SC Lite Edition


---------------------
; Table of Contents ;
---------------------
  1. Legal Notice
  2. Timing Analyzer Summary
  3. Parallel Compilation
  4. Clocks
  5. Slow 1200mV 85C Model Fmax Summary
  6. Timing Closure Recommendations
  7. Slow 1200mV 85C Model Setup Summary
  8. Slow 1200mV 85C Model Hold Summary
  9. Slow 1200mV 85C Model Recovery Summary
 10. Slow 1200mV 85C Model Removal Summary
 11. Slow 1200mV 85C Model Minimum Pulse Width Summary
 12. Slow 1200mV 85C Model Setup: 'clock'
 13. Slow 1200mV 85C Model Setup: 'clock3'
 14. Slow 1200mV 85C Model Setup: 'inst1'
 15. Slow 1200mV 85C Model Setup: 'debounce:inst4|inst1'
 16. Slow 1200mV 85C Model Setup: 'debounce:inst3|inst1'
 17. Slow 1200mV 85C Model Setup: 'inst9'
 18. Slow 1200mV 85C Model Hold: 'debounce:inst3|inst1'
 19. Slow 1200mV 85C Model Hold: 'debounce:inst4|inst1'
 20. Slow 1200mV 85C Model Hold: 'inst9'
 21. Slow 1200mV 85C Model Hold: 'clock3'
 22. Slow 1200mV 85C Model Hold: 'clock'
 23. Slow 1200mV 85C Model Hold: 'inst1'
 24. Slow 1200mV 85C Model Recovery: 'debounce:inst4|inst1'
 25. Slow 1200mV 85C Model Recovery: 'debounce:inst3|inst1'
 26. Slow 1200mV 85C Model Removal: 'debounce:inst3|inst1'
 27. Slow 1200mV 85C Model Removal: 'debounce:inst4|inst1'
 28. Slow 1200mV 85C Model Metastability Summary
 29. Slow 1200mV 0C Model Fmax Summary
 30. Slow 1200mV 0C Model Setup Summary
 31. Slow 1200mV 0C Model Hold Summary
 32. Slow 1200mV 0C Model Recovery Summary
 33. Slow 1200mV 0C Model Removal Summary
 34. Slow 1200mV 0C Model Minimum Pulse Width Summary
 35. Slow 1200mV 0C Model Setup: 'clock'
 36. Slow 1200mV 0C Model Setup: 'clock3'
 37. Slow 1200mV 0C Model Setup: 'inst1'
 38. Slow 1200mV 0C Model Setup: 'debounce:inst4|inst1'
 39. Slow 1200mV 0C Model Setup: 'debounce:inst3|inst1'
 40. Slow 1200mV 0C Model Setup: 'inst9'
 41. Slow 1200mV 0C Model Hold: 'debounce:inst3|inst1'
 42. Slow 1200mV 0C Model Hold: 'debounce:inst4|inst1'
 43. Slow 1200mV 0C Model Hold: 'inst9'
 44. Slow 1200mV 0C Model Hold: 'clock3'
 45. Slow 1200mV 0C Model Hold: 'clock'
 46. Slow 1200mV 0C Model Hold: 'inst1'
 47. Slow 1200mV 0C Model Recovery: 'debounce:inst4|inst1'
 48. Slow 1200mV 0C Model Recovery: 'debounce:inst3|inst1'
 49. Slow 1200mV 0C Model Removal: 'debounce:inst3|inst1'
 50. Slow 1200mV 0C Model Removal: 'debounce:inst4|inst1'
 51. Slow 1200mV 0C Model Metastability Summary
 52. Fast 1200mV 0C Model Setup Summary
 53. Fast 1200mV 0C Model Hold Summary
 54. Fast 1200mV 0C Model Recovery Summary
 55. Fast 1200mV 0C Model Removal Summary
 56. Fast 1200mV 0C Model Minimum Pulse Width Summary
 57. Fast 1200mV 0C Model Setup: 'clock'
 58. Fast 1200mV 0C Model Setup: 'inst1'
 59. Fast 1200mV 0C Model Setup: 'clock3'
 60. Fast 1200mV 0C Model Setup: 'debounce:inst4|inst1'
 61. Fast 1200mV 0C Model Setup: 'debounce:inst3|inst1'
 62. Fast 1200mV 0C Model Setup: 'inst9'
 63. Fast 1200mV 0C Model Hold: 'debounce:inst3|inst1'
 64. Fast 1200mV 0C Model Hold: 'debounce:inst4|inst1'
 65. Fast 1200mV 0C Model Hold: 'inst9'
 66. Fast 1200mV 0C Model Hold: 'clock3'
 67. Fast 1200mV 0C Model Hold: 'clock'
 68. Fast 1200mV 0C Model Hold: 'inst1'
 69. Fast 1200mV 0C Model Recovery: 'debounce:inst4|inst1'
 70. Fast 1200mV 0C Model Recovery: 'debounce:inst3|inst1'
 71. Fast 1200mV 0C Model Removal: 'debounce:inst3|inst1'
 72. Fast 1200mV 0C Model Removal: 'debounce:inst4|inst1'
 73. Fast 1200mV 0C Model Metastability Summary
 74. Multicorner Timing Analysis Summary
 75. Board Trace Model Assignments
 76. Input Transition Times
 77. Signal Integrity Metrics (Slow 1200mv 0c Model)
 78. Signal Integrity Metrics (Slow 1200mv 85c Model)
 79. Signal Integrity Metrics (Fast 1200mv 0c Model)
 80. Setup Transfers
 81. Hold Transfers
 82. Recovery Transfers
 83. Removal Transfers
 84. Report TCCS
 85. Report RSKM
 86. Unconstrained Paths Summary
 87. Clock Status Summary
 88. Unconstrained Input Ports
 89. Unconstrained Output Ports
 90. Unconstrained Input Ports
 91. Unconstrained Output Ports
 92. Timing Analyzer Messages



----------------
; Legal Notice ;
----------------
Copyright (C) 2025  Altera Corporation. All rights reserved.
Your use of Altera Corporation's design tools, logic functions 
and other software and tools, and any partner logic 
functions, and any output files from any of the foregoing 
(including device programming or simulation files), and any 
associated documentation or information are expressly subject 
to the terms and conditions of the Altera Program License 
Subscription Agreement, the Altera Quartus Prime License Agreement,
the Altera IP License Agreement, or other applicable license
agreement, including, without limitation, that your use is for
the sole purpose of programming logic devices manufactured by
Altera and sold by Altera or its authorized distributors.  Please
refer to the Altera Software License Subscription Agreements 
on the Quartus Prime software download page.



+---------------------------------------------------------------------------------+
; Timing Analyzer Summary                                                         ;
+-----------------------+---------------------------------------------------------+
; Quartus Prime Version ; Version 25.1std.0 Build 1129 10/21/2025 SC Lite Edition ;
; Timing Analyzer       ; Legacy Timing Analyzer                                  ;
; Revision Name         ; jogo_de_velocidade                                      ;
; Device Family         ; Cyclone IV E                                            ;
; Device Name           ; EP4CE6E22C8                                             ;
; Timing Models         ; Final                                                   ;
; Delay Model           ; Combined                                                ;
; Rise/Fall Delays      ; Enabled                                                 ;
+-----------------------+---------------------------------------------------------+


+------------------------------------------+
; Parallel Compilation                     ;
+----------------------------+-------------+
; Processors                 ; Number      ;
+----------------------------+-------------+
; Number detected on machine ; 16          ;
; Maximum allowed            ; 16          ;
;                            ;             ;
; Average used               ; 1.08        ;
; Maximum used               ; 16          ;
;                            ;             ;
; Usage by Processor         ; % Time Used ;
;     Processor 1            ; 100.0%      ;
;     Processor 2            ;   0.6%      ;
;     Processors 3-16        ;   0.5%      ;
+----------------------------+-------------+


+------------------------------------------------------------------------------------------------------------------------------------------------------------------------------------------------------------+
; Clocks                                                                                                                                                                                                     ;
+----------------------+------+--------+------------+-------+-------+------------+-----------+-------------+-------+--------+-----------+------------+----------+--------+--------+--------------------------+
; Clock Name           ; Type ; Period ; Frequency  ; Rise  ; Fall  ; Duty Cycle ; Divide by ; Multiply by ; Phase ; Offset ; Edge List ; Edge Shift ; Inverted ; Master ; Source ; Targets                  ;
+----------------------+------+--------+------------+-------+-------+------------+-----------+-------------+-------+--------+-----------+------------+----------+--------+--------+--------------------------+
; clock                ; Base ; 1.000  ; 1000.0 MHz ; 0.000 ; 0.500 ;            ;           ;             ;       ;        ;           ;            ;          ;        ;        ; { clock }                ;
; clock3               ; Base ; 1.000  ; 1000.0 MHz ; 0.000 ; 0.500 ;            ;           ;             ;       ;        ;           ;            ;          ;        ;        ; { clock3 }               ;
; debounce:inst3|inst1 ; Base ; 1.000  ; 1000.0 MHz ; 0.000 ; 0.500 ;            ;           ;             ;       ;        ;           ;            ;          ;        ;        ; { debounce:inst3|inst1 } ;
; debounce:inst4|inst1 ; Base ; 1.000  ; 1000.0 MHz ; 0.000 ; 0.500 ;            ;           ;             ;       ;        ;           ;            ;          ;        ;        ; { debounce:inst4|inst1 } ;
; inst1                ; Base ; 1.000  ; 1000.0 MHz ; 0.000 ; 0.500 ;            ;           ;             ;       ;        ;           ;            ;          ;        ;        ; { inst1 }                ;
; inst9                ; Base ; 1.000  ; 1000.0 MHz ; 0.000 ; 0.500 ;            ;           ;             ;       ;        ;           ;            ;          ;        ;        ; { inst9 }                ;
+----------------------+------+--------+------------+-------+-------+------------+-----------+-------------+-------+--------+-----------+------------+----------+--------+--------+--------------------------+


+---------------------------------------------------------------------------------------------------------------------+
; Slow 1200mV 85C Model Fmax Summary                                                                                  ;
+------------+-----------------+----------------------+---------------------------------------------------------------+
; Fmax       ; Restricted Fmax ; Clock Name           ; Note                                                          ;
+------------+-----------------+----------------------+---------------------------------------------------------------+
; 168.46 MHz ; 168.46 MHz      ; clock                ;                                                               ;
; 421.76 MHz ; 250.0 MHz       ; clock3               ; limit due to minimum period restriction (max I/O toggle rate) ;
; 738.55 MHz ; 402.09 MHz      ; debounce:inst4|inst1 ; limit due to minimum period restriction (tmin)                ;
; 744.6 MHz  ; 402.09 MHz      ; debounce:inst3|inst1 ; limit due to minimum period restriction (tmin)                ;
; 971.82 MHz ; 402.09 MHz      ; inst9                ; limit due to minimum period restriction (tmin)                ;
+------------+-----------------+----------------------+---------------------------------------------------------------+
This panel reports FMAX for every clock in the design, regardless of the user-specified clock periods.  FMAX is only computed for paths where the source and destination registers or ports are driven by the same clock.  Paths of different clocks, including generated clocks, are ignored.  For paths between a clock and its inversion, FMAX is computed as if the rising and falling edges are scaled along with FMAX, such that the duty cycle (in terms of a percentage) is maintained. Altera recommends that you always use clock constraints and other slack reports for sign-off analysis.


----------------------------------
; Timing Closure Recommendations ;
----------------------------------
HTML report is unavailable in plain text report export.


+-----------------------------------------------+
; Slow 1200mV 85C Model Setup Summary           ;
+----------------------+--------+---------------+
; Clock                ; Slack  ; End Point TNS ;
+----------------------+--------+---------------+
; clock                ; -4.936 ; -131.983      ;
; clock3               ; -1.371 ; -8.551        ;
; inst1                ; -0.664 ; -1.249        ;
; debounce:inst4|inst1 ; -0.354 ; -0.738        ;
; debounce:inst3|inst1 ; -0.343 ; -0.874        ;
; inst9                ; -0.029 ; -0.029        ;
+----------------------+--------+---------------+


+----------------------------------------------+
; Slow 1200mV 85C Model Hold Summary           ;
+----------------------+-------+---------------+
; Clock                ; Slack ; End Point TNS ;
+----------------------+-------+---------------+
; debounce:inst3|inst1 ; 0.452 ; 0.000         ;
; debounce:inst4|inst1 ; 0.452 ; 0.000         ;
; inst9                ; 0.452 ; 0.000         ;
; clock3               ; 0.492 ; 0.000         ;
; clock                ; 0.740 ; 0.000         ;
; inst1                ; 0.772 ; 0.000         ;
+----------------------+-------+---------------+


+-----------------------------------------------+
; Slow 1200mV 85C Model Recovery Summary        ;
+----------------------+--------+---------------+
; Clock                ; Slack  ; End Point TNS ;
+----------------------+--------+---------------+
; debounce:inst4|inst1 ; -1.844 ; -7.376        ;
; debounce:inst3|inst1 ; -1.725 ; -6.900        ;
+----------------------+--------+---------------+


+----------------------------------------------+
; Slow 1200mV 85C Model Removal Summary        ;
+----------------------+-------+---------------+
; Clock                ; Slack ; End Point TNS ;
+----------------------+-------+---------------+
; debounce:inst3|inst1 ; 2.021 ; 0.000         ;
; debounce:inst4|inst1 ; 2.066 ; 0.000         ;
+----------------------+-------+---------------+


+---------------------------------------------------+
; Slow 1200mV 85C Model Minimum Pulse Width Summary ;
+----------------------+--------+-------------------+
; Clock                ; Slack  ; End Point TNS     ;
+----------------------+--------+-------------------+
; clock                ; -3.000 ; -52.071           ;
; clock3               ; -3.000 ; -14.896           ;
; debounce:inst3|inst1 ; -1.487 ; -5.948            ;
; debounce:inst4|inst1 ; -1.487 ; -5.948            ;
; inst1                ; -1.487 ; -5.948            ;
; inst9                ; -1.487 ; -2.974            ;
+----------------------+--------+-------------------+


+-----------------------------------------------------------------------------------------------------------------------------------------------------------------------------------------------------------+
; Slow 1200mV 85C Model Setup: 'clock'                                                                                                                                                                      ;
+--------+--------------------------------------------------------------+-------------------------------------------------------------+--------------+-------------+--------------+------------+------------+
; Slack  ; From Node                                                    ; To Node                                                     ; Launch Clock ; Latch Clock ; Relationship ; Clock Skew ; Data Delay ;
+--------+--------------------------------------------------------------+-------------------------------------------------------------+--------------+-------------+--------------+------------+------------+
; -4.936 ; lpm_counter:inst|cntr_tmj:auto_generated|counter_reg_bit[12] ; inst1                                                       ; clock        ; clock       ; 1.000        ; -0.082     ; 5.855      ;
; -4.796 ; lpm_counter:inst|cntr_tmj:auto_generated|counter_reg_bit[18] ; inst1                                                       ; clock        ; clock       ; 1.000        ; -0.082     ; 5.715      ;
; -4.794 ; lpm_counter:inst|cntr_tmj:auto_generated|counter_reg_bit[15] ; inst1                                                       ; clock        ; clock       ; 1.000        ; -0.082     ; 5.713      ;
; -4.775 ; lpm_counter:inst|cntr_tmj:auto_generated|counter_reg_bit[12] ; lpm_counter:inst|cntr_tmj:auto_generated|counter_reg_bit[0] ; clock        ; clock       ; 1.000        ; -0.081     ; 5.695      ;
; -4.775 ; lpm_counter:inst|cntr_tmj:auto_generated|counter_reg_bit[12] ; lpm_counter:inst|cntr_tmj:auto_generated|counter_reg_bit[1] ; clock        ; clock       ; 1.000        ; -0.081     ; 5.695      ;
; -4.775 ; lpm_counter:inst|cntr_tmj:auto_generated|counter_reg_bit[12] ; lpm_counter:inst|cntr_tmj:auto_generated|counter_reg_bit[2] ; clock        ; clock       ; 1.000        ; -0.081     ; 5.695      ;
; -4.775 ; lpm_counter:inst|cntr_tmj:auto_generated|counter_reg_bit[12] ; lpm_counter:inst|cntr_tmj:auto_generated|counter_reg_bit[3] ; clock        ; clock       ; 1.000        ; -0.081     ; 5.695      ;
; -4.775 ; lpm_counter:inst|cntr_tmj:auto_generated|counter_reg_bit[12] ; lpm_counter:inst|cntr_tmj:auto_generated|counter_reg_bit[4] ; clock        ; clock       ; 1.000        ; -0.081     ; 5.695      ;
; -4.775 ; lpm_counter:inst|cntr_tmj:auto_generated|counter_reg_bit[12] ; lpm_counter:inst|cntr_tmj:auto_generated|counter_reg_bit[5] ; clock        ; clock       ; 1.000        ; -0.081     ; 5.695      ;
; -4.775 ; lpm_counter:inst|cntr_tmj:auto_generated|counter_reg_bit[12] ; lpm_counter:inst|cntr_tmj:auto_generated|counter_reg_bit[6] ; clock        ; clock       ; 1.000        ; -0.081     ; 5.695      ;
; -4.775 ; lpm_counter:inst|cntr_tmj:auto_generated|counter_reg_bit[12] ; lpm_counter:inst|cntr_tmj:auto_generated|counter_reg_bit[7] ; clock        ; clock       ; 1.000        ; -0.081     ; 5.695      ;
; -4.775 ; lpm_counter:inst|cntr_tmj:auto_generated|counter_reg_bit[12] ; lpm_counter:inst|cntr_tmj:auto_generated|counter_reg_bit[8] ; clock        ; clock       ; 1.000        ; -0.081     ; 5.695      ;
; -4.775 ; lpm_counter:inst|cntr_tmj:auto_generated|counter_reg_bit[12] ; lpm_counter:inst|cntr_tmj:auto_generated|counter_reg_bit[9] ; clock        ; clock       ; 1.000        ; -0.081     ; 5.695      ;
; -4.756 ; lpm_counter:inst|cntr_tmj:auto_generated|counter_reg_bit[11] ; inst1                                                       ; clock        ; clock       ; 1.000        ; -0.082     ; 5.675      ;
; -4.690 ; lpm_counter:inst|cntr_tmj:auto_generated|counter_reg_bit[17] ; inst1                                                       ; clock        ; clock       ; 1.000        ; -0.082     ; 5.609      ;
; -4.635 ; lpm_counter:inst|cntr_tmj:auto_generated|counter_reg_bit[18] ; lpm_counter:inst|cntr_tmj:auto_generated|counter_reg_bit[0] ; clock        ; clock       ; 1.000        ; -0.081     ; 5.555      ;
; -4.635 ; lpm_counter:inst|cntr_tmj:auto_generated|counter_reg_bit[18] ; lpm_counter:inst|cntr_tmj:auto_generated|counter_reg_bit[1] ; clock        ; clock       ; 1.000        ; -0.081     ; 5.555      ;
; -4.635 ; lpm_counter:inst|cntr_tmj:auto_generated|counter_reg_bit[18] ; lpm_counter:inst|cntr_tmj:auto_generated|counter_reg_bit[2] ; clock        ; clock       ; 1.000        ; -0.081     ; 5.555      ;
; -4.635 ; lpm_counter:inst|cntr_tmj:auto_generated|counter_reg_bit[18] ; lpm_counter:inst|cntr_tmj:auto_generated|counter_reg_bit[3] ; clock        ; clock       ; 1.000        ; -0.081     ; 5.555      ;
; -4.635 ; lpm_counter:inst|cntr_tmj:auto_generated|counter_reg_bit[18] ; lpm_counter:inst|cntr_tmj:auto_generated|counter_reg_bit[4] ; clock        ; clock       ; 1.000        ; -0.081     ; 5.555      ;
; -4.635 ; lpm_counter:inst|cntr_tmj:auto_generated|counter_reg_bit[18] ; lpm_counter:inst|cntr_tmj:auto_generated|counter_reg_bit[5] ; clock        ; clock       ; 1.000        ; -0.081     ; 5.555      ;
; -4.635 ; lpm_counter:inst|cntr_tmj:auto_generated|counter_reg_bit[18] ; lpm_counter:inst|cntr_tmj:auto_generated|counter_reg_bit[6] ; clock        ; clock       ; 1.000        ; -0.081     ; 5.555      ;
; -4.635 ; lpm_counter:inst|cntr_tmj:auto_generated|counter_reg_bit[18] ; lpm_counter:inst|cntr_tmj:auto_generated|counter_reg_bit[7] ; clock        ; clock       ; 1.000        ; -0.081     ; 5.555      ;
; -4.635 ; lpm_counter:inst|cntr_tmj:auto_generated|counter_reg_bit[18] ; lpm_counter:inst|cntr_tmj:auto_generated|counter_reg_bit[8] ; clock        ; clock       ; 1.000        ; -0.081     ; 5.555      ;
; -4.635 ; lpm_counter:inst|cntr_tmj:auto_generated|counter_reg_bit[18] ; lpm_counter:inst|cntr_tmj:auto_generated|counter_reg_bit[9] ; clock        ; clock       ; 1.000        ; -0.081     ; 5.555      ;
; -4.633 ; lpm_counter:inst|cntr_tmj:auto_generated|counter_reg_bit[15] ; lpm_counter:inst|cntr_tmj:auto_generated|counter_reg_bit[0] ; clock        ; clock       ; 1.000        ; -0.081     ; 5.553      ;
; -4.633 ; lpm_counter:inst|cntr_tmj:auto_generated|counter_reg_bit[15] ; lpm_counter:inst|cntr_tmj:auto_generated|counter_reg_bit[1] ; clock        ; clock       ; 1.000        ; -0.081     ; 5.553      ;
; -4.633 ; lpm_counter:inst|cntr_tmj:auto_generated|counter_reg_bit[15] ; lpm_counter:inst|cntr_tmj:auto_generated|counter_reg_bit[2] ; clock        ; clock       ; 1.000        ; -0.081     ; 5.553      ;
; -4.633 ; lpm_counter:inst|cntr_tmj:auto_generated|counter_reg_bit[15] ; lpm_counter:inst|cntr_tmj:auto_generated|counter_reg_bit[3] ; clock        ; clock       ; 1.000        ; -0.081     ; 5.553      ;
; -4.633 ; lpm_counter:inst|cntr_tmj:auto_generated|counter_reg_bit[15] ; lpm_counter:inst|cntr_tmj:auto_generated|counter_reg_bit[4] ; clock        ; clock       ; 1.000        ; -0.081     ; 5.553      ;
; -4.633 ; lpm_counter:inst|cntr_tmj:auto_generated|counter_reg_bit[15] ; lpm_counter:inst|cntr_tmj:auto_generated|counter_reg_bit[5] ; clock        ; clock       ; 1.000        ; -0.081     ; 5.553      ;
; -4.633 ; lpm_counter:inst|cntr_tmj:auto_generated|counter_reg_bit[15] ; lpm_counter:inst|cntr_tmj:auto_generated|counter_reg_bit[6] ; clock        ; clock       ; 1.000        ; -0.081     ; 5.553      ;
; -4.633 ; lpm_counter:inst|cntr_tmj:auto_generated|counter_reg_bit[15] ; lpm_counter:inst|cntr_tmj:auto_generated|counter_reg_bit[7] ; clock        ; clock       ; 1.000        ; -0.081     ; 5.553      ;
; -4.633 ; lpm_counter:inst|cntr_tmj:auto_generated|counter_reg_bit[15] ; lpm_counter:inst|cntr_tmj:auto_generated|counter_reg_bit[8] ; clock        ; clock       ; 1.000        ; -0.081     ; 5.553      ;
; -4.633 ; lpm_counter:inst|cntr_tmj:auto_generated|counter_reg_bit[15] ; lpm_counter:inst|cntr_tmj:auto_generated|counter_reg_bit[9] ; clock        ; clock       ; 1.000        ; -0.081     ; 5.553      ;
; -4.616 ; lpm_counter:inst|cntr_tmj:auto_generated|counter_reg_bit[14] ; inst1                                                       ; clock        ; clock       ; 1.000        ; -0.082     ; 5.535      ;
; -4.595 ; lpm_counter:inst|cntr_tmj:auto_generated|counter_reg_bit[11] ; lpm_counter:inst|cntr_tmj:auto_generated|counter_reg_bit[0] ; clock        ; clock       ; 1.000        ; -0.081     ; 5.515      ;
; -4.595 ; lpm_counter:inst|cntr_tmj:auto_generated|counter_reg_bit[11] ; lpm_counter:inst|cntr_tmj:auto_generated|counter_reg_bit[1] ; clock        ; clock       ; 1.000        ; -0.081     ; 5.515      ;
; -4.595 ; lpm_counter:inst|cntr_tmj:auto_generated|counter_reg_bit[11] ; lpm_counter:inst|cntr_tmj:auto_generated|counter_reg_bit[2] ; clock        ; clock       ; 1.000        ; -0.081     ; 5.515      ;
; -4.595 ; lpm_counter:inst|cntr_tmj:auto_generated|counter_reg_bit[11] ; lpm_counter:inst|cntr_tmj:auto_generated|counter_reg_bit[3] ; clock        ; clock       ; 1.000        ; -0.081     ; 5.515      ;
; -4.595 ; lpm_counter:inst|cntr_tmj:auto_generated|counter_reg_bit[11] ; lpm_counter:inst|cntr_tmj:auto_generated|counter_reg_bit[4] ; clock        ; clock       ; 1.000        ; -0.081     ; 5.515      ;
; -4.595 ; lpm_counter:inst|cntr_tmj:auto_generated|counter_reg_bit[11] ; lpm_counter:inst|cntr_tmj:auto_generated|counter_reg_bit[5] ; clock        ; clock       ; 1.000        ; -0.081     ; 5.515      ;
; -4.595 ; lpm_counter:inst|cntr_tmj:auto_generated|counter_reg_bit[11] ; lpm_counter:inst|cntr_tmj:auto_generated|counter_reg_bit[6] ; clock        ; clock       ; 1.000        ; -0.081     ; 5.515      ;
; -4.595 ; lpm_counter:inst|cntr_tmj:auto_generated|counter_reg_bit[11] ; lpm_counter:inst|cntr_tmj:auto_generated|counter_reg_bit[7] ; clock        ; clock       ; 1.000        ; -0.081     ; 5.515      ;
; -4.595 ; lpm_counter:inst|cntr_tmj:auto_generated|counter_reg_bit[11] ; lpm_counter:inst|cntr_tmj:auto_generated|counter_reg_bit[8] ; clock        ; clock       ; 1.000        ; -0.081     ; 5.515      ;
; -4.595 ; lpm_counter:inst|cntr_tmj:auto_generated|counter_reg_bit[11] ; lpm_counter:inst|cntr_tmj:auto_generated|counter_reg_bit[9] ; clock        ; clock       ; 1.000        ; -0.081     ; 5.515      ;
; -4.563 ; lpm_counter:inst|cntr_tmj:auto_generated|counter_reg_bit[16] ; inst1                                                       ; clock        ; clock       ; 1.000        ; -0.082     ; 5.482      ;
; -4.529 ; lpm_counter:inst|cntr_tmj:auto_generated|counter_reg_bit[17] ; lpm_counter:inst|cntr_tmj:auto_generated|counter_reg_bit[0] ; clock        ; clock       ; 1.000        ; -0.081     ; 5.449      ;
; -4.529 ; lpm_counter:inst|cntr_tmj:auto_generated|counter_reg_bit[17] ; lpm_counter:inst|cntr_tmj:auto_generated|counter_reg_bit[1] ; clock        ; clock       ; 1.000        ; -0.081     ; 5.449      ;
; -4.529 ; lpm_counter:inst|cntr_tmj:auto_generated|counter_reg_bit[17] ; lpm_counter:inst|cntr_tmj:auto_generated|counter_reg_bit[2] ; clock        ; clock       ; 1.000        ; -0.081     ; 5.449      ;
; -4.529 ; lpm_counter:inst|cntr_tmj:auto_generated|counter_reg_bit[17] ; lpm_counter:inst|cntr_tmj:auto_generated|counter_reg_bit[3] ; clock        ; clock       ; 1.000        ; -0.081     ; 5.449      ;
; -4.529 ; lpm_counter:inst|cntr_tmj:auto_generated|counter_reg_bit[17] ; lpm_counter:inst|cntr_tmj:auto_generated|counter_reg_bit[4] ; clock        ; clock       ; 1.000        ; -0.081     ; 5.449      ;
; -4.529 ; lpm_counter:inst|cntr_tmj:auto_generated|counter_reg_bit[17] ; lpm_counter:inst|cntr_tmj:auto_generated|counter_reg_bit[5] ; clock        ; clock       ; 1.000        ; -0.081     ; 5.449      ;
; -4.529 ; lpm_counter:inst|cntr_tmj:auto_generated|counter_reg_bit[17] ; lpm_counter:inst|cntr_tmj:auto_generated|counter_reg_bit[6] ; clock        ; clock       ; 1.000        ; -0.081     ; 5.449      ;
; -4.529 ; lpm_counter:inst|cntr_tmj:auto_generated|counter_reg_bit[17] ; lpm_counter:inst|cntr_tmj:auto_generated|counter_reg_bit[7] ; clock        ; clock       ; 1.000        ; -0.081     ; 5.449      ;
; -4.529 ; lpm_counter:inst|cntr_tmj:auto_generated|counter_reg_bit[17] ; lpm_counter:inst|cntr_tmj:auto_generated|counter_reg_bit[8] ; clock        ; clock       ; 1.000        ; -0.081     ; 5.449      ;
; -4.529 ; lpm_counter:inst|cntr_tmj:auto_generated|counter_reg_bit[17] ; lpm_counter:inst|cntr_tmj:auto_generated|counter_reg_bit[9] ; clock        ; clock       ; 1.000        ; -0.081     ; 5.449      ;
; -4.488 ; lpm_counter:inst|cntr_tmj:auto_generated|counter_reg_bit[0]  ; inst1                                                       ; clock        ; clock       ; 1.000        ; -0.083     ; 5.406      ;
; -4.455 ; lpm_counter:inst|cntr_tmj:auto_generated|counter_reg_bit[14] ; lpm_counter:inst|cntr_tmj:auto_generated|counter_reg_bit[0] ; clock        ; clock       ; 1.000        ; -0.081     ; 5.375      ;
; -4.455 ; lpm_counter:inst|cntr_tmj:auto_generated|counter_reg_bit[14] ; lpm_counter:inst|cntr_tmj:auto_generated|counter_reg_bit[1] ; clock        ; clock       ; 1.000        ; -0.081     ; 5.375      ;
; -4.455 ; lpm_counter:inst|cntr_tmj:auto_generated|counter_reg_bit[14] ; lpm_counter:inst|cntr_tmj:auto_generated|counter_reg_bit[2] ; clock        ; clock       ; 1.000        ; -0.081     ; 5.375      ;
; -4.455 ; lpm_counter:inst|cntr_tmj:auto_generated|counter_reg_bit[14] ; lpm_counter:inst|cntr_tmj:auto_generated|counter_reg_bit[3] ; clock        ; clock       ; 1.000        ; -0.081     ; 5.375      ;
; -4.455 ; lpm_counter:inst|cntr_tmj:auto_generated|counter_reg_bit[14] ; lpm_counter:inst|cntr_tmj:auto_generated|counter_reg_bit[4] ; clock        ; clock       ; 1.000        ; -0.081     ; 5.375      ;
; -4.455 ; lpm_counter:inst|cntr_tmj:auto_generated|counter_reg_bit[14] ; lpm_counter:inst|cntr_tmj:auto_generated|counter_reg_bit[5] ; clock        ; clock       ; 1.000        ; -0.081     ; 5.375      ;
; -4.455 ; lpm_counter:inst|cntr_tmj:auto_generated|counter_reg_bit[14] ; lpm_counter:inst|cntr_tmj:auto_generated|counter_reg_bit[6] ; clock        ; clock       ; 1.000        ; -0.081     ; 5.375      ;
; -4.455 ; lpm_counter:inst|cntr_tmj:auto_generated|counter_reg_bit[14] ; lpm_counter:inst|cntr_tmj:auto_generated|counter_reg_bit[7] ; clock        ; clock       ; 1.000        ; -0.081     ; 5.375      ;
; -4.455 ; lpm_counter:inst|cntr_tmj:auto_generated|counter_reg_bit[14] ; lpm_counter:inst|cntr_tmj:auto_generated|counter_reg_bit[8] ; clock        ; clock       ; 1.000        ; -0.081     ; 5.375      ;
; -4.455 ; lpm_counter:inst|cntr_tmj:auto_generated|counter_reg_bit[14] ; lpm_counter:inst|cntr_tmj:auto_generated|counter_reg_bit[9] ; clock        ; clock       ; 1.000        ; -0.081     ; 5.375      ;
; -4.450 ; lpm_counter:inst8|cntr_ojj:auto_generated|counter_reg_bit[1] ; inst9                                                       ; clock        ; clock       ; 1.000        ; -0.081     ; 5.370      ;
; -4.441 ; lpm_counter:inst|cntr_tmj:auto_generated|counter_reg_bit[7]  ; inst1                                                       ; clock        ; clock       ; 1.000        ; -0.083     ; 5.359      ;
; -4.431 ; lpm_counter:inst|cntr_tmj:auto_generated|counter_reg_bit[1]  ; inst1                                                       ; clock        ; clock       ; 1.000        ; -0.083     ; 5.349      ;
; -4.419 ; lpm_counter:inst|cntr_tmj:auto_generated|counter_reg_bit[5]  ; inst1                                                       ; clock        ; clock       ; 1.000        ; -0.083     ; 5.337      ;
; -4.417 ; lpm_counter:inst|cntr_tmj:auto_generated|counter_reg_bit[13] ; inst1                                                       ; clock        ; clock       ; 1.000        ; -0.082     ; 5.336      ;
; -4.402 ; lpm_counter:inst|cntr_tmj:auto_generated|counter_reg_bit[16] ; lpm_counter:inst|cntr_tmj:auto_generated|counter_reg_bit[0] ; clock        ; clock       ; 1.000        ; -0.081     ; 5.322      ;
; -4.402 ; lpm_counter:inst|cntr_tmj:auto_generated|counter_reg_bit[16] ; lpm_counter:inst|cntr_tmj:auto_generated|counter_reg_bit[1] ; clock        ; clock       ; 1.000        ; -0.081     ; 5.322      ;
; -4.402 ; lpm_counter:inst|cntr_tmj:auto_generated|counter_reg_bit[16] ; lpm_counter:inst|cntr_tmj:auto_generated|counter_reg_bit[2] ; clock        ; clock       ; 1.000        ; -0.081     ; 5.322      ;
; -4.402 ; lpm_counter:inst|cntr_tmj:auto_generated|counter_reg_bit[16] ; lpm_counter:inst|cntr_tmj:auto_generated|counter_reg_bit[3] ; clock        ; clock       ; 1.000        ; -0.081     ; 5.322      ;
; -4.402 ; lpm_counter:inst|cntr_tmj:auto_generated|counter_reg_bit[16] ; lpm_counter:inst|cntr_tmj:auto_generated|counter_reg_bit[4] ; clock        ; clock       ; 1.000        ; -0.081     ; 5.322      ;
; -4.402 ; lpm_counter:inst|cntr_tmj:auto_generated|counter_reg_bit[16] ; lpm_counter:inst|cntr_tmj:auto_generated|counter_reg_bit[5] ; clock        ; clock       ; 1.000        ; -0.081     ; 5.322      ;
; -4.402 ; lpm_counter:inst|cntr_tmj:auto_generated|counter_reg_bit[16] ; lpm_counter:inst|cntr_tmj:auto_generated|counter_reg_bit[6] ; clock        ; clock       ; 1.000        ; -0.081     ; 5.322      ;
; -4.402 ; lpm_counter:inst|cntr_tmj:auto_generated|counter_reg_bit[16] ; lpm_counter:inst|cntr_tmj:auto_generated|counter_reg_bit[7] ; clock        ; clock       ; 1.000        ; -0.081     ; 5.322      ;
; -4.402 ; lpm_counter:inst|cntr_tmj:auto_generated|counter_reg_bit[16] ; lpm_counter:inst|cntr_tmj:auto_generated|counter_reg_bit[8] ; clock        ; clock       ; 1.000        ; -0.081     ; 5.322      ;
; -4.402 ; lpm_counter:inst|cntr_tmj:auto_generated|counter_reg_bit[16] ; lpm_counter:inst|cntr_tmj:auto_generated|counter_reg_bit[9] ; clock        ; clock       ; 1.000        ; -0.081     ; 5.322      ;
; -4.380 ; lpm_counter:inst|cntr_tmj:auto_generated|counter_reg_bit[3]  ; inst1                                                       ; clock        ; clock       ; 1.000        ; -0.083     ; 5.298      ;
; -4.354 ; lpm_counter:inst8|cntr_ojj:auto_generated|counter_reg_bit[0] ; inst9                                                       ; clock        ; clock       ; 1.000        ; -0.081     ; 5.274      ;
; -4.345 ; lpm_counter:inst|cntr_tmj:auto_generated|counter_reg_bit[2]  ; inst1                                                       ; clock        ; clock       ; 1.000        ; -0.083     ; 5.263      ;
; -4.341 ; lpm_counter:inst|cntr_tmj:auto_generated|counter_reg_bit[8]  ; inst1                                                       ; clock        ; clock       ; 1.000        ; -0.083     ; 5.259      ;
; -4.326 ; lpm_counter:inst|cntr_tmj:auto_generated|counter_reg_bit[0]  ; lpm_counter:inst|cntr_tmj:auto_generated|counter_reg_bit[0] ; clock        ; clock       ; 1.000        ; -0.082     ; 5.245      ;
; -4.326 ; lpm_counter:inst|cntr_tmj:auto_generated|counter_reg_bit[0]  ; lpm_counter:inst|cntr_tmj:auto_generated|counter_reg_bit[1] ; clock        ; clock       ; 1.000        ; -0.082     ; 5.245      ;
; -4.326 ; lpm_counter:inst|cntr_tmj:auto_generated|counter_reg_bit[0]  ; lpm_counter:inst|cntr_tmj:auto_generated|counter_reg_bit[2] ; clock        ; clock       ; 1.000        ; -0.082     ; 5.245      ;
; -4.326 ; lpm_counter:inst|cntr_tmj:auto_generated|counter_reg_bit[0]  ; lpm_counter:inst|cntr_tmj:auto_generated|counter_reg_bit[3] ; clock        ; clock       ; 1.000        ; -0.082     ; 5.245      ;
; -4.326 ; lpm_counter:inst|cntr_tmj:auto_generated|counter_reg_bit[0]  ; lpm_counter:inst|cntr_tmj:auto_generated|counter_reg_bit[4] ; clock        ; clock       ; 1.000        ; -0.082     ; 5.245      ;
; -4.326 ; lpm_counter:inst|cntr_tmj:auto_generated|counter_reg_bit[0]  ; lpm_counter:inst|cntr_tmj:auto_generated|counter_reg_bit[5] ; clock        ; clock       ; 1.000        ; -0.082     ; 5.245      ;
; -4.326 ; lpm_counter:inst|cntr_tmj:auto_generated|counter_reg_bit[0]  ; lpm_counter:inst|cntr_tmj:auto_generated|counter_reg_bit[6] ; clock        ; clock       ; 1.000        ; -0.082     ; 5.245      ;
; -4.326 ; lpm_counter:inst|cntr_tmj:auto_generated|counter_reg_bit[0]  ; lpm_counter:inst|cntr_tmj:auto_generated|counter_reg_bit[7] ; clock        ; clock       ; 1.000        ; -0.082     ; 5.245      ;
; -4.326 ; lpm_counter:inst|cntr_tmj:auto_generated|counter_reg_bit[0]  ; lpm_counter:inst|cntr_tmj:auto_generated|counter_reg_bit[8] ; clock        ; clock       ; 1.000        ; -0.082     ; 5.245      ;
; -4.326 ; lpm_counter:inst|cntr_tmj:auto_generated|counter_reg_bit[0]  ; lpm_counter:inst|cntr_tmj:auto_generated|counter_reg_bit[9] ; clock        ; clock       ; 1.000        ; -0.082     ; 5.245      ;
; -4.321 ; lpm_counter:inst|cntr_tmj:auto_generated|counter_reg_bit[4]  ; inst1                                                       ; clock        ; clock       ; 1.000        ; -0.083     ; 5.239      ;
; -4.304 ; lpm_counter:inst8|cntr_ojj:auto_generated|counter_reg_bit[3] ; inst9                                                       ; clock        ; clock       ; 1.000        ; -0.081     ; 5.224      ;
; -4.280 ; lpm_counter:inst|cntr_tmj:auto_generated|counter_reg_bit[7]  ; lpm_counter:inst|cntr_tmj:auto_generated|counter_reg_bit[0] ; clock        ; clock       ; 1.000        ; -0.082     ; 5.199      ;
+--------+--------------------------------------------------------------+-------------------------------------------------------------+--------------+-------------+--------------+------------+------------+


+--------------------------------------------------------------------------------------------------------------------------------------------------------------------------------------------------------------+
; Slow 1200mV 85C Model Setup: 'clock3'                                                                                                                                                                        ;
+--------+---------------------------------------------------------------+---------------------------------------------------------------+--------------+-------------+--------------+------------+------------+
; Slack  ; From Node                                                     ; To Node                                                       ; Launch Clock ; Latch Clock ; Relationship ; Clock Skew ; Data Delay ;
+--------+---------------------------------------------------------------+---------------------------------------------------------------+--------------+-------------+--------------+------------+------------+
; -1.371 ; lpm_counter:inst11|cntr_grj:auto_generated|counter_reg_bit[0] ; lpm_counter:inst11|cntr_grj:auto_generated|counter_reg_bit[7] ; clock3       ; clock3      ; 1.000        ; -0.081     ; 2.291      ;
; -1.339 ; lpm_counter:inst11|cntr_grj:auto_generated|counter_reg_bit[1] ; lpm_counter:inst11|cntr_grj:auto_generated|counter_reg_bit[6] ; clock3       ; clock3      ; 1.000        ; -0.081     ; 2.259      ;
; -1.309 ; lpm_counter:inst11|cntr_grj:auto_generated|counter_reg_bit[1] ; lpm_counter:inst11|cntr_grj:auto_generated|counter_reg_bit[7] ; clock3       ; clock3      ; 1.000        ; -0.081     ; 2.229      ;
; -1.241 ; lpm_counter:inst11|cntr_grj:auto_generated|counter_reg_bit[0] ; lpm_counter:inst11|cntr_grj:auto_generated|counter_reg_bit[6] ; clock3       ; clock3      ; 1.000        ; -0.081     ; 2.161      ;
; -1.225 ; lpm_counter:inst11|cntr_grj:auto_generated|counter_reg_bit[0] ; lpm_counter:inst11|cntr_grj:auto_generated|counter_reg_bit[5] ; clock3       ; clock3      ; 1.000        ; -0.081     ; 2.145      ;
; -1.222 ; lpm_counter:inst11|cntr_grj:auto_generated|counter_reg_bit[2] ; lpm_counter:inst11|cntr_grj:auto_generated|counter_reg_bit[7] ; clock3       ; clock3      ; 1.000        ; -0.081     ; 2.142      ;
; -1.193 ; lpm_counter:inst11|cntr_grj:auto_generated|counter_reg_bit[1] ; lpm_counter:inst11|cntr_grj:auto_generated|counter_reg_bit[4] ; clock3       ; clock3      ; 1.000        ; -0.081     ; 2.113      ;
; -1.180 ; lpm_counter:inst11|cntr_grj:auto_generated|counter_reg_bit[3] ; lpm_counter:inst11|cntr_grj:auto_generated|counter_reg_bit[6] ; clock3       ; clock3      ; 1.000        ; -0.081     ; 2.100      ;
; -1.163 ; lpm_counter:inst11|cntr_grj:auto_generated|counter_reg_bit[1] ; lpm_counter:inst11|cntr_grj:auto_generated|counter_reg_bit[5] ; clock3       ; clock3      ; 1.000        ; -0.081     ; 2.083      ;
; -1.150 ; lpm_counter:inst11|cntr_grj:auto_generated|counter_reg_bit[3] ; lpm_counter:inst11|cntr_grj:auto_generated|counter_reg_bit[7] ; clock3       ; clock3      ; 1.000        ; -0.081     ; 2.070      ;
; -1.104 ; lpm_counter:inst11|cntr_grj:auto_generated|counter_reg_bit[2] ; lpm_counter:inst11|cntr_grj:auto_generated|counter_reg_bit[6] ; clock3       ; clock3      ; 1.000        ; -0.081     ; 2.024      ;
; -1.095 ; lpm_counter:inst11|cntr_grj:auto_generated|counter_reg_bit[0] ; lpm_counter:inst11|cntr_grj:auto_generated|counter_reg_bit[4] ; clock3       ; clock3      ; 1.000        ; -0.081     ; 2.015      ;
; -1.079 ; lpm_counter:inst11|cntr_grj:auto_generated|counter_reg_bit[0] ; lpm_counter:inst11|cntr_grj:auto_generated|counter_reg_bit[3] ; clock3       ; clock3      ; 1.000        ; -0.081     ; 1.999      ;
; -1.076 ; lpm_counter:inst11|cntr_grj:auto_generated|counter_reg_bit[2] ; lpm_counter:inst11|cntr_grj:auto_generated|counter_reg_bit[5] ; clock3       ; clock3      ; 1.000        ; -0.081     ; 1.996      ;
; -1.058 ; lpm_counter:inst11|cntr_grj:auto_generated|counter_reg_bit[4] ; lpm_counter:inst11|cntr_grj:auto_generated|counter_reg_bit[7] ; clock3       ; clock3      ; 1.000        ; -0.081     ; 1.978      ;
; -1.047 ; lpm_counter:inst11|cntr_grj:auto_generated|counter_reg_bit[1] ; lpm_counter:inst11|cntr_grj:auto_generated|counter_reg_bit[2] ; clock3       ; clock3      ; 1.000        ; -0.081     ; 1.967      ;
; -1.034 ; lpm_counter:inst11|cntr_grj:auto_generated|counter_reg_bit[3] ; lpm_counter:inst11|cntr_grj:auto_generated|counter_reg_bit[4] ; clock3       ; clock3      ; 1.000        ; -0.081     ; 1.954      ;
; -1.031 ; lpm_counter:inst11|cntr_grj:auto_generated|counter_reg_bit[5] ; lpm_counter:inst11|cntr_grj:auto_generated|counter_reg_bit[6] ; clock3       ; clock3      ; 1.000        ; -0.081     ; 1.951      ;
; -1.017 ; lpm_counter:inst11|cntr_grj:auto_generated|counter_reg_bit[1] ; lpm_counter:inst11|cntr_grj:auto_generated|counter_reg_bit[3] ; clock3       ; clock3      ; 1.000        ; -0.081     ; 1.937      ;
; -1.004 ; lpm_counter:inst11|cntr_grj:auto_generated|counter_reg_bit[3] ; lpm_counter:inst11|cntr_grj:auto_generated|counter_reg_bit[5] ; clock3       ; clock3      ; 1.000        ; -0.081     ; 1.924      ;
; -1.001 ; lpm_counter:inst11|cntr_grj:auto_generated|counter_reg_bit[5] ; lpm_counter:inst11|cntr_grj:auto_generated|counter_reg_bit[7] ; clock3       ; clock3      ; 1.000        ; -0.081     ; 1.921      ;
; -0.958 ; lpm_counter:inst11|cntr_grj:auto_generated|counter_reg_bit[2] ; lpm_counter:inst11|cntr_grj:auto_generated|counter_reg_bit[4] ; clock3       ; clock3      ; 1.000        ; -0.081     ; 1.878      ;
; -0.949 ; lpm_counter:inst11|cntr_grj:auto_generated|counter_reg_bit[0] ; lpm_counter:inst11|cntr_grj:auto_generated|counter_reg_bit[2] ; clock3       ; clock3      ; 1.000        ; -0.081     ; 1.869      ;
; -0.946 ; lpm_counter:inst11|cntr_grj:auto_generated|counter_reg_bit[4] ; lpm_counter:inst11|cntr_grj:auto_generated|counter_reg_bit[6] ; clock3       ; clock3      ; 1.000        ; -0.081     ; 1.866      ;
; -0.933 ; lpm_counter:inst11|cntr_grj:auto_generated|counter_reg_bit[0] ; lpm_counter:inst11|cntr_grj:auto_generated|counter_reg_bit[1] ; clock3       ; clock3      ; 1.000        ; -0.081     ; 1.853      ;
; -0.930 ; lpm_counter:inst11|cntr_grj:auto_generated|counter_reg_bit[2] ; lpm_counter:inst11|cntr_grj:auto_generated|counter_reg_bit[3] ; clock3       ; clock3      ; 1.000        ; -0.081     ; 1.850      ;
; -0.916 ; lpm_counter:inst11|cntr_grj:auto_generated|counter_reg_bit[6] ; lpm_counter:inst11|cntr_grj:auto_generated|counter_reg_bit[7] ; clock3       ; clock3      ; 1.000        ; -0.081     ; 1.836      ;
; -0.912 ; lpm_counter:inst11|cntr_grj:auto_generated|counter_reg_bit[4] ; lpm_counter:inst11|cntr_grj:auto_generated|counter_reg_bit[5] ; clock3       ; clock3      ; 1.000        ; -0.081     ; 1.832      ;
; -0.374 ; lpm_counter:inst11|cntr_grj:auto_generated|counter_reg_bit[2] ; lpm_counter:inst11|cntr_grj:auto_generated|counter_reg_bit[2] ; clock3       ; clock3      ; 1.000        ; -0.081     ; 1.294      ;
; -0.364 ; lpm_counter:inst11|cntr_grj:auto_generated|counter_reg_bit[0] ; lpm_counter:inst11|cntr_grj:auto_generated|counter_reg_bit[0] ; clock3       ; clock3      ; 1.000        ; -0.081     ; 1.284      ;
; -0.362 ; lpm_counter:inst11|cntr_grj:auto_generated|counter_reg_bit[4] ; lpm_counter:inst11|cntr_grj:auto_generated|counter_reg_bit[4] ; clock3       ; clock3      ; 1.000        ; -0.081     ; 1.282      ;
; -0.354 ; lpm_counter:inst11|cntr_grj:auto_generated|counter_reg_bit[6] ; lpm_counter:inst11|cntr_grj:auto_generated|counter_reg_bit[6] ; clock3       ; clock3      ; 1.000        ; -0.081     ; 1.274      ;
; -0.348 ; lpm_counter:inst11|cntr_grj:auto_generated|counter_reg_bit[1] ; lpm_counter:inst11|cntr_grj:auto_generated|counter_reg_bit[1] ; clock3       ; clock3      ; 1.000        ; -0.081     ; 1.268      ;
; -0.335 ; lpm_counter:inst11|cntr_grj:auto_generated|counter_reg_bit[3] ; lpm_counter:inst11|cntr_grj:auto_generated|counter_reg_bit[3] ; clock3       ; clock3      ; 1.000        ; -0.081     ; 1.255      ;
; -0.333 ; lpm_counter:inst11|cntr_grj:auto_generated|counter_reg_bit[5] ; lpm_counter:inst11|cntr_grj:auto_generated|counter_reg_bit[5] ; clock3       ; clock3      ; 1.000        ; -0.081     ; 1.253      ;
; 0.014  ; lpm_counter:inst11|cntr_grj:auto_generated|counter_reg_bit[7] ; lpm_counter:inst11|cntr_grj:auto_generated|counter_reg_bit[7] ; clock3       ; clock3      ; 1.000        ; -0.081     ; 0.906      ;
+--------+---------------------------------------------------------------+---------------------------------------------------------------+--------------+-------------+--------------+------------+------------+


+------------------------------------------------------------------------------------------------------------------------------------+
; Slow 1200mV 85C Model Setup: 'inst1'                                                                                               ;
+--------+----------------------+----------------------+----------------------+-------------+--------------+------------+------------+
; Slack  ; From Node            ; To Node              ; Launch Clock         ; Latch Clock ; Relationship ; Clock Skew ; Data Delay ;
+--------+----------------------+----------------------+----------------------+-------------+--------------+------------+------------+
; -0.664 ; debounce:inst4|inst1 ; debounce:inst4|inst2 ; debounce:inst4|inst1 ; inst1       ; 0.500        ; 1.718      ; 3.144      ;
; -0.585 ; debounce:inst3|inst1 ; debounce:inst3|inst2 ; debounce:inst3|inst1 ; inst1       ; 0.500        ; 1.718      ; 3.065      ;
; -0.297 ; debounce:inst4|inst1 ; debounce:inst4|inst2 ; debounce:inst4|inst1 ; inst1       ; 1.000        ; 1.718      ; 3.277      ;
; -0.214 ; debounce:inst3|inst1 ; debounce:inst3|inst2 ; debounce:inst3|inst1 ; inst1       ; 1.000        ; 1.718      ; 3.194      ;
+--------+----------------------+----------------------+----------------------+-------------+--------------+------------+------------+


+---------------------------------------------------------------------------------------------------------------------------------------------+
; Slow 1200mV 85C Model Setup: 'debounce:inst4|inst1'                                                                                         ;
+--------+----------------------+----------------------+----------------------+----------------------+--------------+------------+------------+
; Slack  ; From Node            ; To Node              ; Launch Clock         ; Latch Clock          ; Relationship ; Clock Skew ; Data Delay ;
+--------+----------------------+----------------------+----------------------+----------------------+--------------+------------+------------+
; -0.354 ; contador:inst5|inst  ; contador:inst5|inst2 ; debounce:inst4|inst1 ; debounce:inst4|inst1 ; 1.000        ; -0.082     ; 1.273      ;
; -0.337 ; contador:inst5|inst1 ; contador:inst5|inst3 ; debounce:inst4|inst1 ; debounce:inst4|inst1 ; 1.000        ; -0.082     ; 1.256      ;
; -0.313 ; contador:inst5|inst2 ; contador:inst5|inst3 ; debounce:inst4|inst1 ; debounce:inst4|inst1 ; 1.000        ; -0.082     ; 1.232      ;
; -0.047 ; contador:inst5|inst  ; contador:inst5|inst1 ; debounce:inst4|inst1 ; debounce:inst4|inst1 ; 1.000        ; -0.082     ; 0.966      ;
; -0.045 ; contador:inst5|inst  ; contador:inst5|inst3 ; debounce:inst4|inst1 ; debounce:inst4|inst1 ; 1.000        ; -0.082     ; 0.964      ;
; -0.031 ; contador:inst5|inst1 ; contador:inst5|inst2 ; debounce:inst4|inst1 ; debounce:inst4|inst1 ; 1.000        ; -0.082     ; 0.950      ;
; 0.061  ; contador:inst5|inst  ; contador:inst5|inst  ; debounce:inst4|inst1 ; debounce:inst4|inst1 ; 1.000        ; -0.082     ; 0.858      ;
; 0.061  ; contador:inst5|inst2 ; contador:inst5|inst2 ; debounce:inst4|inst1 ; debounce:inst4|inst1 ; 1.000        ; -0.082     ; 0.858      ;
; 0.061  ; contador:inst5|inst3 ; contador:inst5|inst3 ; debounce:inst4|inst1 ; debounce:inst4|inst1 ; 1.000        ; -0.082     ; 0.858      ;
; 0.061  ; contador:inst5|inst1 ; contador:inst5|inst1 ; debounce:inst4|inst1 ; debounce:inst4|inst1 ; 1.000        ; -0.082     ; 0.858      ;
+--------+----------------------+----------------------+----------------------+----------------------+--------------+------------+------------+


+---------------------------------------------------------------------------------------------------------------------------------------------+
; Slow 1200mV 85C Model Setup: 'debounce:inst3|inst1'                                                                                         ;
+--------+----------------------+----------------------+----------------------+----------------------+--------------+------------+------------+
; Slack  ; From Node            ; To Node              ; Launch Clock         ; Latch Clock          ; Relationship ; Clock Skew ; Data Delay ;
+--------+----------------------+----------------------+----------------------+----------------------+--------------+------------+------------+
; -0.343 ; contador:inst7|inst1 ; contador:inst7|inst2 ; debounce:inst3|inst1 ; debounce:inst3|inst1 ; 1.000        ; -0.082     ; 1.262      ;
; -0.341 ; contador:inst7|inst1 ; contador:inst7|inst3 ; debounce:inst3|inst1 ; debounce:inst3|inst1 ; 1.000        ; -0.082     ; 1.260      ;
; -0.325 ; contador:inst7|inst  ; contador:inst7|inst3 ; debounce:inst3|inst1 ; debounce:inst3|inst1 ; 1.000        ; -0.082     ; 1.244      ;
; -0.190 ; contador:inst7|inst  ; contador:inst7|inst1 ; debounce:inst3|inst1 ; debounce:inst3|inst1 ; 1.000        ; -0.082     ; 1.109      ;
; -0.186 ; contador:inst7|inst  ; contador:inst7|inst2 ; debounce:inst3|inst1 ; debounce:inst3|inst1 ; 1.000        ; -0.082     ; 1.105      ;
; -0.005 ; contador:inst7|inst2 ; contador:inst7|inst3 ; debounce:inst3|inst1 ; debounce:inst3|inst1 ; 1.000        ; -0.082     ; 0.924      ;
; 0.061  ; contador:inst7|inst  ; contador:inst7|inst  ; debounce:inst3|inst1 ; debounce:inst3|inst1 ; 1.000        ; -0.082     ; 0.858      ;
; 0.061  ; contador:inst7|inst2 ; contador:inst7|inst2 ; debounce:inst3|inst1 ; debounce:inst3|inst1 ; 1.000        ; -0.082     ; 0.858      ;
; 0.061  ; contador:inst7|inst3 ; contador:inst7|inst3 ; debounce:inst3|inst1 ; debounce:inst3|inst1 ; 1.000        ; -0.082     ; 0.858      ;
; 0.061  ; contador:inst7|inst1 ; contador:inst7|inst1 ; debounce:inst3|inst1 ; debounce:inst3|inst1 ; 1.000        ; -0.082     ; 0.858      ;
+--------+----------------------+----------------------+----------------------+----------------------+--------------+------------+------------+


+----------------------------------------------------------------------------------------------------------------------------------------+
; Slow 1200mV 85C Model Setup: 'inst9'                                                                                                   ;
+--------+----------------------------+----------------------------+--------------+-------------+--------------+------------+------------+
; Slack  ; From Node                  ; To Node                    ; Launch Clock ; Latch Clock ; Relationship ; Clock Skew ; Data Delay ;
+--------+----------------------------+----------------------------+--------------+-------------+--------------+------------+------------+
; -0.029 ; seven_segment:inst20|inst  ; seven_segment:inst20|inst1 ; inst9        ; inst9       ; 1.000        ; -0.082     ; 0.948      ;
; 0.061  ; seven_segment:inst20|inst  ; seven_segment:inst20|inst  ; inst9        ; inst9       ; 1.000        ; -0.082     ; 0.858      ;
; 0.061  ; seven_segment:inst20|inst1 ; seven_segment:inst20|inst1 ; inst9        ; inst9       ; 1.000        ; -0.082     ; 0.858      ;
+--------+----------------------------+----------------------------+--------------+-------------+--------------+------------+------------+


+--------------------------------------------------------------------------------------------------------------------------------------------+
; Slow 1200mV 85C Model Hold: 'debounce:inst3|inst1'                                                                                         ;
+-------+----------------------+----------------------+----------------------+----------------------+--------------+------------+------------+
; Slack ; From Node            ; To Node              ; Launch Clock         ; Latch Clock          ; Relationship ; Clock Skew ; Data Delay ;
+-------+----------------------+----------------------+----------------------+----------------------+--------------+------------+------------+
; 0.452 ; contador:inst7|inst3 ; contador:inst7|inst3 ; debounce:inst3|inst1 ; debounce:inst3|inst1 ; 0.000        ; 0.082      ; 0.746      ;
; 0.452 ; contador:inst7|inst2 ; contador:inst7|inst2 ; debounce:inst3|inst1 ; debounce:inst3|inst1 ; 0.000        ; 0.082      ; 0.746      ;
; 0.452 ; contador:inst7|inst1 ; contador:inst7|inst1 ; debounce:inst3|inst1 ; debounce:inst3|inst1 ; 0.000        ; 0.082      ; 0.746      ;
; 0.464 ; contador:inst7|inst  ; contador:inst7|inst  ; debounce:inst3|inst1 ; debounce:inst3|inst1 ; 0.000        ; 0.082      ; 0.758      ;
; 0.499 ; contador:inst7|inst2 ; contador:inst7|inst3 ; debounce:inst3|inst1 ; debounce:inst3|inst1 ; 0.000        ; 0.082      ; 0.793      ;
; 0.724 ; contador:inst7|inst  ; contador:inst7|inst2 ; debounce:inst3|inst1 ; debounce:inst3|inst1 ; 0.000        ; 0.082      ; 1.018      ;
; 0.727 ; contador:inst7|inst  ; contador:inst7|inst1 ; debounce:inst3|inst1 ; debounce:inst3|inst1 ; 0.000        ; 0.082      ; 1.021      ;
; 0.773 ; contador:inst7|inst  ; contador:inst7|inst3 ; debounce:inst3|inst1 ; debounce:inst3|inst1 ; 0.000        ; 0.082      ; 1.067      ;
; 0.780 ; contador:inst7|inst1 ; contador:inst7|inst3 ; debounce:inst3|inst1 ; debounce:inst3|inst1 ; 0.000        ; 0.082      ; 1.074      ;
; 0.781 ; contador:inst7|inst1 ; contador:inst7|inst2 ; debounce:inst3|inst1 ; debounce:inst3|inst1 ; 0.000        ; 0.082      ; 1.075      ;
+-------+----------------------+----------------------+----------------------+----------------------+--------------+------------+------------+


+--------------------------------------------------------------------------------------------------------------------------------------------+
; Slow 1200mV 85C Model Hold: 'debounce:inst4|inst1'                                                                                         ;
+-------+----------------------+----------------------+----------------------+----------------------+--------------+------------+------------+
; Slack ; From Node            ; To Node              ; Launch Clock         ; Latch Clock          ; Relationship ; Clock Skew ; Data Delay ;
+-------+----------------------+----------------------+----------------------+----------------------+--------------+------------+------------+
; 0.452 ; contador:inst5|inst1 ; contador:inst5|inst1 ; debounce:inst4|inst1 ; debounce:inst4|inst1 ; 0.000        ; 0.082      ; 0.746      ;
; 0.452 ; contador:inst5|inst2 ; contador:inst5|inst2 ; debounce:inst4|inst1 ; debounce:inst4|inst1 ; 0.000        ; 0.082      ; 0.746      ;
; 0.452 ; contador:inst5|inst3 ; contador:inst5|inst3 ; debounce:inst4|inst1 ; debounce:inst4|inst1 ; 0.000        ; 0.082      ; 0.746      ;
; 0.464 ; contador:inst5|inst  ; contador:inst5|inst  ; debounce:inst4|inst1 ; debounce:inst4|inst1 ; 0.000        ; 0.082      ; 0.758      ;
; 0.524 ; contador:inst5|inst1 ; contador:inst5|inst2 ; debounce:inst4|inst1 ; debounce:inst4|inst1 ; 0.000        ; 0.082      ; 0.818      ;
; 0.533 ; contador:inst5|inst  ; contador:inst5|inst3 ; debounce:inst4|inst1 ; debounce:inst4|inst1 ; 0.000        ; 0.082      ; 0.827      ;
; 0.535 ; contador:inst5|inst  ; contador:inst5|inst1 ; debounce:inst4|inst1 ; debounce:inst4|inst1 ; 0.000        ; 0.082      ; 0.829      ;
; 0.766 ; contador:inst5|inst2 ; contador:inst5|inst3 ; debounce:inst4|inst1 ; debounce:inst4|inst1 ; 0.000        ; 0.082      ; 1.060      ;
; 0.780 ; contador:inst5|inst1 ; contador:inst5|inst3 ; debounce:inst4|inst1 ; debounce:inst4|inst1 ; 0.000        ; 0.082      ; 1.074      ;
; 0.792 ; contador:inst5|inst  ; contador:inst5|inst2 ; debounce:inst4|inst1 ; debounce:inst4|inst1 ; 0.000        ; 0.082      ; 1.086      ;
+-------+----------------------+----------------------+----------------------+----------------------+--------------+------------+------------+


+---------------------------------------------------------------------------------------------------------------------------------------+
; Slow 1200mV 85C Model Hold: 'inst9'                                                                                                   ;
+-------+----------------------------+----------------------------+--------------+-------------+--------------+------------+------------+
; Slack ; From Node                  ; To Node                    ; Launch Clock ; Latch Clock ; Relationship ; Clock Skew ; Data Delay ;
+-------+----------------------------+----------------------------+--------------+-------------+--------------+------------+------------+
; 0.452 ; seven_segment:inst20|inst1 ; seven_segment:inst20|inst1 ; inst9        ; inst9       ; 0.000        ; 0.082      ; 0.746      ;
; 0.464 ; seven_segment:inst20|inst  ; seven_segment:inst20|inst  ; inst9        ; inst9       ; 0.000        ; 0.082      ; 0.758      ;
; 0.533 ; seven_segment:inst20|inst  ; seven_segment:inst20|inst1 ; inst9        ; inst9       ; 0.000        ; 0.082      ; 0.827      ;
+-------+----------------------------+----------------------------+--------------+-------------+--------------+------------+------------+


+-------------------------------------------------------------------------------------------------------------------------------------------------------------------------------------------------------------+
; Slow 1200mV 85C Model Hold: 'clock3'                                                                                                                                                                        ;
+-------+---------------------------------------------------------------+---------------------------------------------------------------+--------------+-------------+--------------+------------+------------+
; Slack ; From Node                                                     ; To Node                                                       ; Launch Clock ; Latch Clock ; Relationship ; Clock Skew ; Data Delay ;
+-------+---------------------------------------------------------------+---------------------------------------------------------------+--------------+-------------+--------------+------------+------------+
; 0.492 ; lpm_counter:inst11|cntr_grj:auto_generated|counter_reg_bit[7] ; lpm_counter:inst11|cntr_grj:auto_generated|counter_reg_bit[7] ; clock3       ; clock3      ; 0.000        ; 0.081      ; 0.785      ;
; 0.745 ; lpm_counter:inst11|cntr_grj:auto_generated|counter_reg_bit[5] ; lpm_counter:inst11|cntr_grj:auto_generated|counter_reg_bit[5] ; clock3       ; clock3      ; 0.000        ; 0.081      ; 1.038      ;
; 0.745 ; lpm_counter:inst11|cntr_grj:auto_generated|counter_reg_bit[3] ; lpm_counter:inst11|cntr_grj:auto_generated|counter_reg_bit[3] ; clock3       ; clock3      ; 0.000        ; 0.081      ; 1.038      ;
; 0.747 ; lpm_counter:inst11|cntr_grj:auto_generated|counter_reg_bit[4] ; lpm_counter:inst11|cntr_grj:auto_generated|counter_reg_bit[4] ; clock3       ; clock3      ; 0.000        ; 0.081      ; 1.040      ;
; 0.749 ; lpm_counter:inst11|cntr_grj:auto_generated|counter_reg_bit[6] ; lpm_counter:inst11|cntr_grj:auto_generated|counter_reg_bit[6] ; clock3       ; clock3      ; 0.000        ; 0.081      ; 1.042      ;
; 0.763 ; lpm_counter:inst11|cntr_grj:auto_generated|counter_reg_bit[1] ; lpm_counter:inst11|cntr_grj:auto_generated|counter_reg_bit[1] ; clock3       ; clock3      ; 0.000        ; 0.081      ; 1.056      ;
; 0.764 ; lpm_counter:inst11|cntr_grj:auto_generated|counter_reg_bit[2] ; lpm_counter:inst11|cntr_grj:auto_generated|counter_reg_bit[2] ; clock3       ; clock3      ; 0.000        ; 0.081      ; 1.057      ;
; 0.787 ; lpm_counter:inst11|cntr_grj:auto_generated|counter_reg_bit[0] ; lpm_counter:inst11|cntr_grj:auto_generated|counter_reg_bit[0] ; clock3       ; clock3      ; 0.000        ; 0.081      ; 1.080      ;
; 1.099 ; lpm_counter:inst11|cntr_grj:auto_generated|counter_reg_bit[3] ; lpm_counter:inst11|cntr_grj:auto_generated|counter_reg_bit[4] ; clock3       ; clock3      ; 0.000        ; 0.081      ; 1.392      ;
; 1.100 ; lpm_counter:inst11|cntr_grj:auto_generated|counter_reg_bit[5] ; lpm_counter:inst11|cntr_grj:auto_generated|counter_reg_bit[6] ; clock3       ; clock3      ; 0.000        ; 0.081      ; 1.393      ;
; 1.108 ; lpm_counter:inst11|cntr_grj:auto_generated|counter_reg_bit[4] ; lpm_counter:inst11|cntr_grj:auto_generated|counter_reg_bit[5] ; clock3       ; clock3      ; 0.000        ; 0.081      ; 1.401      ;
; 1.110 ; lpm_counter:inst11|cntr_grj:auto_generated|counter_reg_bit[6] ; lpm_counter:inst11|cntr_grj:auto_generated|counter_reg_bit[7] ; clock3       ; clock3      ; 0.000        ; 0.081      ; 1.403      ;
; 1.117 ; lpm_counter:inst11|cntr_grj:auto_generated|counter_reg_bit[1] ; lpm_counter:inst11|cntr_grj:auto_generated|counter_reg_bit[2] ; clock3       ; clock3      ; 0.000        ; 0.081      ; 1.410      ;
; 1.117 ; lpm_counter:inst11|cntr_grj:auto_generated|counter_reg_bit[4] ; lpm_counter:inst11|cntr_grj:auto_generated|counter_reg_bit[6] ; clock3       ; clock3      ; 0.000        ; 0.081      ; 1.410      ;
; 1.125 ; lpm_counter:inst11|cntr_grj:auto_generated|counter_reg_bit[2] ; lpm_counter:inst11|cntr_grj:auto_generated|counter_reg_bit[3] ; clock3       ; clock3      ; 0.000        ; 0.081      ; 1.418      ;
; 1.125 ; lpm_counter:inst11|cntr_grj:auto_generated|counter_reg_bit[0] ; lpm_counter:inst11|cntr_grj:auto_generated|counter_reg_bit[1] ; clock3       ; clock3      ; 0.000        ; 0.081      ; 1.418      ;
; 1.134 ; lpm_counter:inst11|cntr_grj:auto_generated|counter_reg_bit[2] ; lpm_counter:inst11|cntr_grj:auto_generated|counter_reg_bit[4] ; clock3       ; clock3      ; 0.000        ; 0.081      ; 1.427      ;
; 1.134 ; lpm_counter:inst11|cntr_grj:auto_generated|counter_reg_bit[0] ; lpm_counter:inst11|cntr_grj:auto_generated|counter_reg_bit[2] ; clock3       ; clock3      ; 0.000        ; 0.081      ; 1.427      ;
; 1.230 ; lpm_counter:inst11|cntr_grj:auto_generated|counter_reg_bit[3] ; lpm_counter:inst11|cntr_grj:auto_generated|counter_reg_bit[5] ; clock3       ; clock3      ; 0.000        ; 0.081      ; 1.523      ;
; 1.231 ; lpm_counter:inst11|cntr_grj:auto_generated|counter_reg_bit[5] ; lpm_counter:inst11|cntr_grj:auto_generated|counter_reg_bit[7] ; clock3       ; clock3      ; 0.000        ; 0.081      ; 1.524      ;
; 1.239 ; lpm_counter:inst11|cntr_grj:auto_generated|counter_reg_bit[3] ; lpm_counter:inst11|cntr_grj:auto_generated|counter_reg_bit[6] ; clock3       ; clock3      ; 0.000        ; 0.081      ; 1.532      ;
; 1.248 ; lpm_counter:inst11|cntr_grj:auto_generated|counter_reg_bit[1] ; lpm_counter:inst11|cntr_grj:auto_generated|counter_reg_bit[3] ; clock3       ; clock3      ; 0.000        ; 0.081      ; 1.541      ;
; 1.248 ; lpm_counter:inst11|cntr_grj:auto_generated|counter_reg_bit[4] ; lpm_counter:inst11|cntr_grj:auto_generated|counter_reg_bit[7] ; clock3       ; clock3      ; 0.000        ; 0.081      ; 1.541      ;
; 1.257 ; lpm_counter:inst11|cntr_grj:auto_generated|counter_reg_bit[1] ; lpm_counter:inst11|cntr_grj:auto_generated|counter_reg_bit[4] ; clock3       ; clock3      ; 0.000        ; 0.081      ; 1.550      ;
; 1.265 ; lpm_counter:inst11|cntr_grj:auto_generated|counter_reg_bit[2] ; lpm_counter:inst11|cntr_grj:auto_generated|counter_reg_bit[5] ; clock3       ; clock3      ; 0.000        ; 0.081      ; 1.558      ;
; 1.265 ; lpm_counter:inst11|cntr_grj:auto_generated|counter_reg_bit[0] ; lpm_counter:inst11|cntr_grj:auto_generated|counter_reg_bit[3] ; clock3       ; clock3      ; 0.000        ; 0.081      ; 1.558      ;
; 1.274 ; lpm_counter:inst11|cntr_grj:auto_generated|counter_reg_bit[2] ; lpm_counter:inst11|cntr_grj:auto_generated|counter_reg_bit[6] ; clock3       ; clock3      ; 0.000        ; 0.081      ; 1.567      ;
; 1.274 ; lpm_counter:inst11|cntr_grj:auto_generated|counter_reg_bit[0] ; lpm_counter:inst11|cntr_grj:auto_generated|counter_reg_bit[4] ; clock3       ; clock3      ; 0.000        ; 0.081      ; 1.567      ;
; 1.370 ; lpm_counter:inst11|cntr_grj:auto_generated|counter_reg_bit[3] ; lpm_counter:inst11|cntr_grj:auto_generated|counter_reg_bit[7] ; clock3       ; clock3      ; 0.000        ; 0.081      ; 1.663      ;
; 1.388 ; lpm_counter:inst11|cntr_grj:auto_generated|counter_reg_bit[1] ; lpm_counter:inst11|cntr_grj:auto_generated|counter_reg_bit[5] ; clock3       ; clock3      ; 0.000        ; 0.081      ; 1.681      ;
; 1.397 ; lpm_counter:inst11|cntr_grj:auto_generated|counter_reg_bit[1] ; lpm_counter:inst11|cntr_grj:auto_generated|counter_reg_bit[6] ; clock3       ; clock3      ; 0.000        ; 0.081      ; 1.690      ;
; 1.405 ; lpm_counter:inst11|cntr_grj:auto_generated|counter_reg_bit[2] ; lpm_counter:inst11|cntr_grj:auto_generated|counter_reg_bit[7] ; clock3       ; clock3      ; 0.000        ; 0.081      ; 1.698      ;
; 1.405 ; lpm_counter:inst11|cntr_grj:auto_generated|counter_reg_bit[0] ; lpm_counter:inst11|cntr_grj:auto_generated|counter_reg_bit[5] ; clock3       ; clock3      ; 0.000        ; 0.081      ; 1.698      ;
; 1.414 ; lpm_counter:inst11|cntr_grj:auto_generated|counter_reg_bit[0] ; lpm_counter:inst11|cntr_grj:auto_generated|counter_reg_bit[6] ; clock3       ; clock3      ; 0.000        ; 0.081      ; 1.707      ;
; 1.528 ; lpm_counter:inst11|cntr_grj:auto_generated|counter_reg_bit[1] ; lpm_counter:inst11|cntr_grj:auto_generated|counter_reg_bit[7] ; clock3       ; clock3      ; 0.000        ; 0.081      ; 1.821      ;
; 1.545 ; lpm_counter:inst11|cntr_grj:auto_generated|counter_reg_bit[0] ; lpm_counter:inst11|cntr_grj:auto_generated|counter_reg_bit[7] ; clock3       ; clock3      ; 0.000        ; 0.081      ; 1.838      ;
+-------+---------------------------------------------------------------+---------------------------------------------------------------+--------------+-------------+--------------+------------+------------+


+-------------------------------------------------------------------------------------------------------------------------------------------------------------------------------------------------------------+
; Slow 1200mV 85C Model Hold: 'clock'                                                                                                                                                                         ;
+-------+---------------------------------------------------------------+---------------------------------------------------------------+--------------+-------------+--------------+------------+------------+
; Slack ; From Node                                                     ; To Node                                                       ; Launch Clock ; Latch Clock ; Relationship ; Clock Skew ; Data Delay ;
+-------+---------------------------------------------------------------+---------------------------------------------------------------+--------------+-------------+--------------+------------+------------+
; 0.740 ; lpm_counter:inst|cntr_tmj:auto_generated|counter_reg_bit[7]   ; lpm_counter:inst|cntr_tmj:auto_generated|counter_reg_bit[7]   ; clock        ; clock       ; 0.000        ; 0.082      ; 1.034      ;
; 0.740 ; lpm_counter:inst|cntr_tmj:auto_generated|counter_reg_bit[9]   ; lpm_counter:inst|cntr_tmj:auto_generated|counter_reg_bit[9]   ; clock        ; clock       ; 0.000        ; 0.082      ; 1.034      ;
; 0.741 ; lpm_counter:inst|cntr_tmj:auto_generated|counter_reg_bit[5]   ; lpm_counter:inst|cntr_tmj:auto_generated|counter_reg_bit[5]   ; clock        ; clock       ; 0.000        ; 0.082      ; 1.035      ;
; 0.741 ; lpm_counter:inst|cntr_tmj:auto_generated|counter_reg_bit[11]  ; lpm_counter:inst|cntr_tmj:auto_generated|counter_reg_bit[11]  ; clock        ; clock       ; 0.000        ; 0.082      ; 1.035      ;
; 0.741 ; lpm_counter:inst|cntr_tmj:auto_generated|counter_reg_bit[13]  ; lpm_counter:inst|cntr_tmj:auto_generated|counter_reg_bit[13]  ; clock        ; clock       ; 0.000        ; 0.082      ; 1.035      ;
; 0.742 ; lpm_counter:inst|cntr_tmj:auto_generated|counter_reg_bit[15]  ; lpm_counter:inst|cntr_tmj:auto_generated|counter_reg_bit[15]  ; clock        ; clock       ; 0.000        ; 0.082      ; 1.036      ;
; 0.742 ; lpm_counter:inst8|cntr_ojj:auto_generated|counter_reg_bit[3]  ; lpm_counter:inst8|cntr_ojj:auto_generated|counter_reg_bit[3]  ; clock        ; clock       ; 0.000        ; 0.081      ; 1.035      ;
; 0.743 ; lpm_counter:inst|cntr_tmj:auto_generated|counter_reg_bit[8]   ; lpm_counter:inst|cntr_tmj:auto_generated|counter_reg_bit[8]   ; clock        ; clock       ; 0.000        ; 0.082      ; 1.037      ;
; 0.743 ; lpm_counter:inst8|cntr_ojj:auto_generated|counter_reg_bit[1]  ; lpm_counter:inst8|cntr_ojj:auto_generated|counter_reg_bit[1]  ; clock        ; clock       ; 0.000        ; 0.081      ; 1.036      ;
; 0.743 ; lpm_counter:inst8|cntr_ojj:auto_generated|counter_reg_bit[5]  ; lpm_counter:inst8|cntr_ojj:auto_generated|counter_reg_bit[5]  ; clock        ; clock       ; 0.000        ; 0.081      ; 1.036      ;
; 0.744 ; lpm_counter:inst|cntr_tmj:auto_generated|counter_reg_bit[1]   ; lpm_counter:inst|cntr_tmj:auto_generated|counter_reg_bit[1]   ; clock        ; clock       ; 0.000        ; 0.082      ; 1.038      ;
; 0.744 ; lpm_counter:inst|cntr_tmj:auto_generated|counter_reg_bit[6]   ; lpm_counter:inst|cntr_tmj:auto_generated|counter_reg_bit[6]   ; clock        ; clock       ; 0.000        ; 0.082      ; 1.038      ;
; 0.744 ; lpm_counter:inst|cntr_tmj:auto_generated|counter_reg_bit[17]  ; lpm_counter:inst|cntr_tmj:auto_generated|counter_reg_bit[17]  ; clock        ; clock       ; 0.000        ; 0.082      ; 1.038      ;
; 0.745 ; lpm_counter:inst|cntr_tmj:auto_generated|counter_reg_bit[4]   ; lpm_counter:inst|cntr_tmj:auto_generated|counter_reg_bit[4]   ; clock        ; clock       ; 0.000        ; 0.082      ; 1.039      ;
; 0.745 ; lpm_counter:inst|cntr_tmj:auto_generated|counter_reg_bit[14]  ; lpm_counter:inst|cntr_tmj:auto_generated|counter_reg_bit[14]  ; clock        ; clock       ; 0.000        ; 0.082      ; 1.039      ;
; 0.745 ; lpm_counter:inst8|cntr_ojj:auto_generated|counter_reg_bit[2]  ; lpm_counter:inst8|cntr_ojj:auto_generated|counter_reg_bit[2]  ; clock        ; clock       ; 0.000        ; 0.081      ; 1.038      ;
; 0.745 ; lpm_counter:inst8|cntr_ojj:auto_generated|counter_reg_bit[4]  ; lpm_counter:inst8|cntr_ojj:auto_generated|counter_reg_bit[4]  ; clock        ; clock       ; 0.000        ; 0.081      ; 1.038      ;
; 0.745 ; lpm_counter:inst8|cntr_ojj:auto_generated|counter_reg_bit[6]  ; lpm_counter:inst8|cntr_ojj:auto_generated|counter_reg_bit[6]  ; clock        ; clock       ; 0.000        ; 0.081      ; 1.038      ;
; 0.745 ; lpm_counter:inst8|cntr_ojj:auto_generated|counter_reg_bit[7]  ; lpm_counter:inst8|cntr_ojj:auto_generated|counter_reg_bit[7]  ; clock        ; clock       ; 0.000        ; 0.081      ; 1.038      ;
; 0.746 ; lpm_counter:inst|cntr_tmj:auto_generated|counter_reg_bit[18]  ; lpm_counter:inst|cntr_tmj:auto_generated|counter_reg_bit[18]  ; clock        ; clock       ; 0.000        ; 0.082      ; 1.040      ;
; 0.746 ; lpm_counter:inst|cntr_tmj:auto_generated|counter_reg_bit[2]   ; lpm_counter:inst|cntr_tmj:auto_generated|counter_reg_bit[2]   ; clock        ; clock       ; 0.000        ; 0.082      ; 1.040      ;
; 0.760 ; lpm_counter:inst8|cntr_ojj:auto_generated|counter_reg_bit[11] ; lpm_counter:inst8|cntr_ojj:auto_generated|counter_reg_bit[11] ; clock        ; clock       ; 0.000        ; 0.081      ; 1.053      ;
; 0.761 ; lpm_counter:inst|cntr_tmj:auto_generated|counter_reg_bit[0]   ; lpm_counter:inst|cntr_tmj:auto_generated|counter_reg_bit[0]   ; clock        ; clock       ; 0.000        ; 0.082      ; 1.055      ;
; 0.761 ; lpm_counter:inst|cntr_tmj:auto_generated|counter_reg_bit[3]   ; lpm_counter:inst|cntr_tmj:auto_generated|counter_reg_bit[3]   ; clock        ; clock       ; 0.000        ; 0.082      ; 1.055      ;
; 0.761 ; lpm_counter:inst|cntr_tmj:auto_generated|counter_reg_bit[10]  ; lpm_counter:inst|cntr_tmj:auto_generated|counter_reg_bit[10]  ; clock        ; clock       ; 0.000        ; 0.082      ; 1.055      ;
; 0.762 ; lpm_counter:inst|cntr_tmj:auto_generated|counter_reg_bit[12]  ; lpm_counter:inst|cntr_tmj:auto_generated|counter_reg_bit[12]  ; clock        ; clock       ; 0.000        ; 0.082      ; 1.056      ;
; 0.762 ; lpm_counter:inst8|cntr_ojj:auto_generated|counter_reg_bit[9]  ; lpm_counter:inst8|cntr_ojj:auto_generated|counter_reg_bit[9]  ; clock        ; clock       ; 0.000        ; 0.081      ; 1.055      ;
; 0.764 ; lpm_counter:inst8|cntr_ojj:auto_generated|counter_reg_bit[8]  ; lpm_counter:inst8|cntr_ojj:auto_generated|counter_reg_bit[8]  ; clock        ; clock       ; 0.000        ; 0.081      ; 1.057      ;
; 0.764 ; lpm_counter:inst8|cntr_ojj:auto_generated|counter_reg_bit[10] ; lpm_counter:inst8|cntr_ojj:auto_generated|counter_reg_bit[10] ; clock        ; clock       ; 0.000        ; 0.081      ; 1.057      ;
; 0.767 ; lpm_counter:inst8|cntr_ojj:auto_generated|counter_reg_bit[0]  ; lpm_counter:inst8|cntr_ojj:auto_generated|counter_reg_bit[0]  ; clock        ; clock       ; 0.000        ; 0.081      ; 1.060      ;
; 0.961 ; lpm_counter:inst|cntr_tmj:auto_generated|counter_reg_bit[16]  ; lpm_counter:inst|cntr_tmj:auto_generated|counter_reg_bit[16]  ; clock        ; clock       ; 0.000        ; 0.082      ; 1.255      ;
; 0.971 ; inst1                                                         ; inst1                                                         ; inst1        ; clock       ; 0.000        ; 2.617      ; 4.091      ;
; 1.095 ; lpm_counter:inst|cntr_tmj:auto_generated|counter_reg_bit[7]   ; lpm_counter:inst|cntr_tmj:auto_generated|counter_reg_bit[8]   ; clock        ; clock       ; 0.000        ; 0.082      ; 1.389      ;
; 1.095 ; lpm_counter:inst|cntr_tmj:auto_generated|counter_reg_bit[11]  ; lpm_counter:inst|cntr_tmj:auto_generated|counter_reg_bit[12]  ; clock        ; clock       ; 0.000        ; 0.082      ; 1.389      ;
; 1.096 ; lpm_counter:inst|cntr_tmj:auto_generated|counter_reg_bit[5]   ; lpm_counter:inst|cntr_tmj:auto_generated|counter_reg_bit[6]   ; clock        ; clock       ; 0.000        ; 0.082      ; 1.390      ;
; 1.096 ; lpm_counter:inst|cntr_tmj:auto_generated|counter_reg_bit[13]  ; lpm_counter:inst|cntr_tmj:auto_generated|counter_reg_bit[14]  ; clock        ; clock       ; 0.000        ; 0.082      ; 1.390      ;
; 1.096 ; lpm_counter:inst|cntr_tmj:auto_generated|counter_reg_bit[9]   ; lpm_counter:inst|cntr_tmj:auto_generated|counter_reg_bit[10]  ; clock        ; clock       ; 0.000        ; 0.081      ; 1.389      ;
; 1.097 ; lpm_counter:inst8|cntr_ojj:auto_generated|counter_reg_bit[1]  ; lpm_counter:inst8|cntr_ojj:auto_generated|counter_reg_bit[2]  ; clock        ; clock       ; 0.000        ; 0.081      ; 1.390      ;
; 1.097 ; lpm_counter:inst8|cntr_ojj:auto_generated|counter_reg_bit[3]  ; lpm_counter:inst8|cntr_ojj:auto_generated|counter_reg_bit[4]  ; clock        ; clock       ; 0.000        ; 0.081      ; 1.390      ;
; 1.097 ; lpm_counter:inst|cntr_tmj:auto_generated|counter_reg_bit[15]  ; lpm_counter:inst|cntr_tmj:auto_generated|counter_reg_bit[16]  ; clock        ; clock       ; 0.000        ; 0.082      ; 1.391      ;
; 1.098 ; lpm_counter:inst8|cntr_ojj:auto_generated|counter_reg_bit[5]  ; lpm_counter:inst8|cntr_ojj:auto_generated|counter_reg_bit[6]  ; clock        ; clock       ; 0.000        ; 0.081      ; 1.391      ;
; 1.098 ; lpm_counter:inst|cntr_tmj:auto_generated|counter_reg_bit[17]  ; lpm_counter:inst|cntr_tmj:auto_generated|counter_reg_bit[18]  ; clock        ; clock       ; 0.000        ; 0.082      ; 1.392      ;
; 1.098 ; lpm_counter:inst|cntr_tmj:auto_generated|counter_reg_bit[1]   ; lpm_counter:inst|cntr_tmj:auto_generated|counter_reg_bit[2]   ; clock        ; clock       ; 0.000        ; 0.082      ; 1.392      ;
; 1.099 ; lpm_counter:inst8|cntr_ojj:auto_generated|counter_reg_bit[7]  ; lpm_counter:inst8|cntr_ojj:auto_generated|counter_reg_bit[8]  ; clock        ; clock       ; 0.000        ; 0.081      ; 1.392      ;
; 1.104 ; lpm_counter:inst|cntr_tmj:auto_generated|counter_reg_bit[8]   ; lpm_counter:inst|cntr_tmj:auto_generated|counter_reg_bit[9]   ; clock        ; clock       ; 0.000        ; 0.082      ; 1.398      ;
; 1.105 ; lpm_counter:inst|cntr_tmj:auto_generated|counter_reg_bit[6]   ; lpm_counter:inst|cntr_tmj:auto_generated|counter_reg_bit[7]   ; clock        ; clock       ; 0.000        ; 0.082      ; 1.399      ;
; 1.105 ; lpm_counter:inst8|cntr_ojj:auto_generated|counter_reg_bit[0]  ; lpm_counter:inst8|cntr_ojj:auto_generated|counter_reg_bit[1]  ; clock        ; clock       ; 0.000        ; 0.081      ; 1.398      ;
; 1.105 ; lpm_counter:inst|cntr_tmj:auto_generated|counter_reg_bit[0]   ; lpm_counter:inst|cntr_tmj:auto_generated|counter_reg_bit[1]   ; clock        ; clock       ; 0.000        ; 0.082      ; 1.399      ;
; 1.106 ; lpm_counter:inst|cntr_tmj:auto_generated|counter_reg_bit[4]   ; lpm_counter:inst|cntr_tmj:auto_generated|counter_reg_bit[5]   ; clock        ; clock       ; 0.000        ; 0.082      ; 1.400      ;
; 1.106 ; lpm_counter:inst|cntr_tmj:auto_generated|counter_reg_bit[14]  ; lpm_counter:inst|cntr_tmj:auto_generated|counter_reg_bit[15]  ; clock        ; clock       ; 0.000        ; 0.082      ; 1.400      ;
; 1.106 ; lpm_counter:inst8|cntr_ojj:auto_generated|counter_reg_bit[2]  ; lpm_counter:inst8|cntr_ojj:auto_generated|counter_reg_bit[3]  ; clock        ; clock       ; 0.000        ; 0.081      ; 1.399      ;
; 1.106 ; lpm_counter:inst8|cntr_ojj:auto_generated|counter_reg_bit[4]  ; lpm_counter:inst8|cntr_ojj:auto_generated|counter_reg_bit[5]  ; clock        ; clock       ; 0.000        ; 0.081      ; 1.399      ;
; 1.106 ; lpm_counter:inst8|cntr_ojj:auto_generated|counter_reg_bit[6]  ; lpm_counter:inst8|cntr_ojj:auto_generated|counter_reg_bit[7]  ; clock        ; clock       ; 0.000        ; 0.081      ; 1.399      ;
; 1.107 ; lpm_counter:inst|cntr_tmj:auto_generated|counter_reg_bit[2]   ; lpm_counter:inst|cntr_tmj:auto_generated|counter_reg_bit[3]   ; clock        ; clock       ; 0.000        ; 0.082      ; 1.401      ;
; 1.114 ; lpm_counter:inst|cntr_tmj:auto_generated|counter_reg_bit[6]   ; lpm_counter:inst|cntr_tmj:auto_generated|counter_reg_bit[8]   ; clock        ; clock       ; 0.000        ; 0.082      ; 1.408      ;
; 1.114 ; lpm_counter:inst|cntr_tmj:auto_generated|counter_reg_bit[8]   ; lpm_counter:inst|cntr_tmj:auto_generated|counter_reg_bit[10]  ; clock        ; clock       ; 0.000        ; 0.081      ; 1.407      ;
; 1.114 ; lpm_counter:inst8|cntr_ojj:auto_generated|counter_reg_bit[0]  ; lpm_counter:inst8|cntr_ojj:auto_generated|counter_reg_bit[2]  ; clock        ; clock       ; 0.000        ; 0.081      ; 1.407      ;
; 1.114 ; lpm_counter:inst|cntr_tmj:auto_generated|counter_reg_bit[0]   ; lpm_counter:inst|cntr_tmj:auto_generated|counter_reg_bit[2]   ; clock        ; clock       ; 0.000        ; 0.082      ; 1.408      ;
; 1.115 ; lpm_counter:inst|cntr_tmj:auto_generated|counter_reg_bit[3]   ; lpm_counter:inst|cntr_tmj:auto_generated|counter_reg_bit[4]   ; clock        ; clock       ; 0.000        ; 0.082      ; 1.409      ;
; 1.115 ; lpm_counter:inst|cntr_tmj:auto_generated|counter_reg_bit[4]   ; lpm_counter:inst|cntr_tmj:auto_generated|counter_reg_bit[6]   ; clock        ; clock       ; 0.000        ; 0.082      ; 1.409      ;
; 1.115 ; lpm_counter:inst8|cntr_ojj:auto_generated|counter_reg_bit[2]  ; lpm_counter:inst8|cntr_ojj:auto_generated|counter_reg_bit[4]  ; clock        ; clock       ; 0.000        ; 0.081      ; 1.408      ;
; 1.115 ; lpm_counter:inst|cntr_tmj:auto_generated|counter_reg_bit[14]  ; lpm_counter:inst|cntr_tmj:auto_generated|counter_reg_bit[16]  ; clock        ; clock       ; 0.000        ; 0.082      ; 1.409      ;
; 1.115 ; lpm_counter:inst8|cntr_ojj:auto_generated|counter_reg_bit[4]  ; lpm_counter:inst8|cntr_ojj:auto_generated|counter_reg_bit[6]  ; clock        ; clock       ; 0.000        ; 0.081      ; 1.408      ;
; 1.115 ; lpm_counter:inst8|cntr_ojj:auto_generated|counter_reg_bit[6]  ; lpm_counter:inst8|cntr_ojj:auto_generated|counter_reg_bit[8]  ; clock        ; clock       ; 0.000        ; 0.081      ; 1.408      ;
; 1.116 ; lpm_counter:inst8|cntr_ojj:auto_generated|counter_reg_bit[9]  ; lpm_counter:inst8|cntr_ojj:auto_generated|counter_reg_bit[10] ; clock        ; clock       ; 0.000        ; 0.081      ; 1.409      ;
; 1.116 ; lpm_counter:inst|cntr_tmj:auto_generated|counter_reg_bit[2]   ; lpm_counter:inst|cntr_tmj:auto_generated|counter_reg_bit[4]   ; clock        ; clock       ; 0.000        ; 0.082      ; 1.410      ;
; 1.122 ; lpm_counter:inst|cntr_tmj:auto_generated|counter_reg_bit[10]  ; lpm_counter:inst|cntr_tmj:auto_generated|counter_reg_bit[11]  ; clock        ; clock       ; 0.000        ; 0.082      ; 1.416      ;
; 1.123 ; lpm_counter:inst|cntr_tmj:auto_generated|counter_reg_bit[12]  ; lpm_counter:inst|cntr_tmj:auto_generated|counter_reg_bit[13]  ; clock        ; clock       ; 0.000        ; 0.082      ; 1.417      ;
; 1.125 ; lpm_counter:inst8|cntr_ojj:auto_generated|counter_reg_bit[10] ; lpm_counter:inst8|cntr_ojj:auto_generated|counter_reg_bit[11] ; clock        ; clock       ; 0.000        ; 0.081      ; 1.418      ;
; 1.125 ; lpm_counter:inst8|cntr_ojj:auto_generated|counter_reg_bit[8]  ; lpm_counter:inst8|cntr_ojj:auto_generated|counter_reg_bit[9]  ; clock        ; clock       ; 0.000        ; 0.081      ; 1.418      ;
; 1.131 ; lpm_counter:inst|cntr_tmj:auto_generated|counter_reg_bit[10]  ; lpm_counter:inst|cntr_tmj:auto_generated|counter_reg_bit[12]  ; clock        ; clock       ; 0.000        ; 0.082      ; 1.425      ;
; 1.132 ; lpm_counter:inst|cntr_tmj:auto_generated|counter_reg_bit[12]  ; lpm_counter:inst|cntr_tmj:auto_generated|counter_reg_bit[14]  ; clock        ; clock       ; 0.000        ; 0.082      ; 1.426      ;
; 1.134 ; lpm_counter:inst8|cntr_ojj:auto_generated|counter_reg_bit[8]  ; lpm_counter:inst8|cntr_ojj:auto_generated|counter_reg_bit[10] ; clock        ; clock       ; 0.000        ; 0.081      ; 1.427      ;
; 1.175 ; inst9                                                         ; inst9                                                         ; inst9        ; clock       ; 0.000        ; 2.595      ; 4.273      ;
; 1.226 ; lpm_counter:inst|cntr_tmj:auto_generated|counter_reg_bit[7]   ; lpm_counter:inst|cntr_tmj:auto_generated|counter_reg_bit[9]   ; clock        ; clock       ; 0.000        ; 0.082      ; 1.520      ;
; 1.226 ; lpm_counter:inst|cntr_tmj:auto_generated|counter_reg_bit[11]  ; lpm_counter:inst|cntr_tmj:auto_generated|counter_reg_bit[13]  ; clock        ; clock       ; 0.000        ; 0.082      ; 1.520      ;
; 1.227 ; lpm_counter:inst|cntr_tmj:auto_generated|counter_reg_bit[5]   ; lpm_counter:inst|cntr_tmj:auto_generated|counter_reg_bit[7]   ; clock        ; clock       ; 0.000        ; 0.082      ; 1.521      ;
; 1.227 ; lpm_counter:inst|cntr_tmj:auto_generated|counter_reg_bit[13]  ; lpm_counter:inst|cntr_tmj:auto_generated|counter_reg_bit[15]  ; clock        ; clock       ; 0.000        ; 0.082      ; 1.521      ;
; 1.227 ; lpm_counter:inst|cntr_tmj:auto_generated|counter_reg_bit[9]   ; lpm_counter:inst|cntr_tmj:auto_generated|counter_reg_bit[11]  ; clock        ; clock       ; 0.000        ; 0.081      ; 1.520      ;
; 1.228 ; lpm_counter:inst|cntr_tmj:auto_generated|counter_reg_bit[15]  ; lpm_counter:inst|cntr_tmj:auto_generated|counter_reg_bit[17]  ; clock        ; clock       ; 0.000        ; 0.082      ; 1.522      ;
; 1.228 ; lpm_counter:inst8|cntr_ojj:auto_generated|counter_reg_bit[1]  ; lpm_counter:inst8|cntr_ojj:auto_generated|counter_reg_bit[3]  ; clock        ; clock       ; 0.000        ; 0.081      ; 1.521      ;
; 1.228 ; lpm_counter:inst8|cntr_ojj:auto_generated|counter_reg_bit[3]  ; lpm_counter:inst8|cntr_ojj:auto_generated|counter_reg_bit[5]  ; clock        ; clock       ; 0.000        ; 0.081      ; 1.521      ;
; 1.229 ; lpm_counter:inst8|cntr_ojj:auto_generated|counter_reg_bit[5]  ; lpm_counter:inst8|cntr_ojj:auto_generated|counter_reg_bit[7]  ; clock        ; clock       ; 0.000        ; 0.081      ; 1.522      ;
; 1.229 ; lpm_counter:inst|cntr_tmj:auto_generated|counter_reg_bit[1]   ; lpm_counter:inst|cntr_tmj:auto_generated|counter_reg_bit[3]   ; clock        ; clock       ; 0.000        ; 0.082      ; 1.523      ;
; 1.230 ; lpm_counter:inst8|cntr_ojj:auto_generated|counter_reg_bit[7]  ; lpm_counter:inst8|cntr_ojj:auto_generated|counter_reg_bit[9]  ; clock        ; clock       ; 0.000        ; 0.081      ; 1.523      ;
; 1.235 ; lpm_counter:inst|cntr_tmj:auto_generated|counter_reg_bit[11]  ; lpm_counter:inst|cntr_tmj:auto_generated|counter_reg_bit[14]  ; clock        ; clock       ; 0.000        ; 0.082      ; 1.529      ;
; 1.236 ; lpm_counter:inst|cntr_tmj:auto_generated|counter_reg_bit[5]   ; lpm_counter:inst|cntr_tmj:auto_generated|counter_reg_bit[8]   ; clock        ; clock       ; 0.000        ; 0.082      ; 1.530      ;
; 1.236 ; lpm_counter:inst|cntr_tmj:auto_generated|counter_reg_bit[7]   ; lpm_counter:inst|cntr_tmj:auto_generated|counter_reg_bit[10]  ; clock        ; clock       ; 0.000        ; 0.081      ; 1.529      ;
; 1.236 ; lpm_counter:inst|cntr_tmj:auto_generated|counter_reg_bit[13]  ; lpm_counter:inst|cntr_tmj:auto_generated|counter_reg_bit[16]  ; clock        ; clock       ; 0.000        ; 0.082      ; 1.530      ;
; 1.236 ; lpm_counter:inst|cntr_tmj:auto_generated|counter_reg_bit[9]   ; lpm_counter:inst|cntr_tmj:auto_generated|counter_reg_bit[12]  ; clock        ; clock       ; 0.000        ; 0.081      ; 1.529      ;
; 1.237 ; lpm_counter:inst|cntr_tmj:auto_generated|counter_reg_bit[15]  ; lpm_counter:inst|cntr_tmj:auto_generated|counter_reg_bit[18]  ; clock        ; clock       ; 0.000        ; 0.082      ; 1.531      ;
; 1.237 ; lpm_counter:inst8|cntr_ojj:auto_generated|counter_reg_bit[1]  ; lpm_counter:inst8|cntr_ojj:auto_generated|counter_reg_bit[4]  ; clock        ; clock       ; 0.000        ; 0.081      ; 1.530      ;
; 1.237 ; lpm_counter:inst8|cntr_ojj:auto_generated|counter_reg_bit[3]  ; lpm_counter:inst8|cntr_ojj:auto_generated|counter_reg_bit[6]  ; clock        ; clock       ; 0.000        ; 0.081      ; 1.530      ;
; 1.238 ; lpm_counter:inst8|cntr_ojj:auto_generated|counter_reg_bit[5]  ; lpm_counter:inst8|cntr_ojj:auto_generated|counter_reg_bit[8]  ; clock        ; clock       ; 0.000        ; 0.081      ; 1.531      ;
; 1.238 ; lpm_counter:inst|cntr_tmj:auto_generated|counter_reg_bit[1]   ; lpm_counter:inst|cntr_tmj:auto_generated|counter_reg_bit[4]   ; clock        ; clock       ; 0.000        ; 0.082      ; 1.532      ;
; 1.239 ; lpm_counter:inst8|cntr_ojj:auto_generated|counter_reg_bit[7]  ; lpm_counter:inst8|cntr_ojj:auto_generated|counter_reg_bit[10] ; clock        ; clock       ; 0.000        ; 0.081      ; 1.532      ;
; 1.245 ; lpm_counter:inst|cntr_tmj:auto_generated|counter_reg_bit[6]   ; lpm_counter:inst|cntr_tmj:auto_generated|counter_reg_bit[9]   ; clock        ; clock       ; 0.000        ; 0.082      ; 1.539      ;
; 1.245 ; lpm_counter:inst|cntr_tmj:auto_generated|counter_reg_bit[8]   ; lpm_counter:inst|cntr_tmj:auto_generated|counter_reg_bit[11]  ; clock        ; clock       ; 0.000        ; 0.081      ; 1.538      ;
; 1.245 ; lpm_counter:inst8|cntr_ojj:auto_generated|counter_reg_bit[0]  ; lpm_counter:inst8|cntr_ojj:auto_generated|counter_reg_bit[3]  ; clock        ; clock       ; 0.000        ; 0.081      ; 1.538      ;
; 1.245 ; lpm_counter:inst|cntr_tmj:auto_generated|counter_reg_bit[0]   ; lpm_counter:inst|cntr_tmj:auto_generated|counter_reg_bit[3]   ; clock        ; clock       ; 0.000        ; 0.082      ; 1.539      ;
+-------+---------------------------------------------------------------+---------------------------------------------------------------+--------------+-------------+--------------+------------+------------+


+-----------------------------------------------------------------------------------------------------------------------------------+
; Slow 1200mV 85C Model Hold: 'inst1'                                                                                               ;
+-------+----------------------+----------------------+----------------------+-------------+--------------+------------+------------+
; Slack ; From Node            ; To Node              ; Launch Clock         ; Latch Clock ; Relationship ; Clock Skew ; Data Delay ;
+-------+----------------------+----------------------+----------------------+-------------+--------------+------------+------------+
; 0.772 ; debounce:inst3|inst1 ; debounce:inst3|inst2 ; debounce:inst3|inst1 ; inst1       ; 0.000        ; 1.813      ; 3.078      ;
; 0.851 ; debounce:inst4|inst1 ; debounce:inst4|inst2 ; debounce:inst4|inst1 ; inst1       ; 0.000        ; 1.813      ; 3.157      ;
; 1.147 ; debounce:inst3|inst1 ; debounce:inst3|inst2 ; debounce:inst3|inst1 ; inst1       ; -0.500       ; 1.813      ; 2.953      ;
; 1.223 ; debounce:inst4|inst1 ; debounce:inst4|inst2 ; debounce:inst4|inst1 ; inst1       ; -0.500       ; 1.813      ; 3.029      ;
+-------+----------------------+----------------------+----------------------+-------------+--------------+------------+------------+


+---------------------------------------------------------------------------------------------------------------------------------------------+
; Slow 1200mV 85C Model Recovery: 'debounce:inst4|inst1'                                                                                      ;
+--------+----------------------+----------------------+----------------------+----------------------+--------------+------------+------------+
; Slack  ; From Node            ; To Node              ; Launch Clock         ; Latch Clock          ; Relationship ; Clock Skew ; Data Delay ;
+--------+----------------------+----------------------+----------------------+----------------------+--------------+------------+------------+
; -1.844 ; contador:inst5|inst  ; contador:inst5|inst  ; debounce:inst4|inst1 ; debounce:inst4|inst1 ; 1.000        ; -0.082     ; 2.763      ;
; -1.844 ; contador:inst5|inst  ; contador:inst5|inst1 ; debounce:inst4|inst1 ; debounce:inst4|inst1 ; 1.000        ; -0.082     ; 2.763      ;
; -1.844 ; contador:inst5|inst  ; contador:inst5|inst2 ; debounce:inst4|inst1 ; debounce:inst4|inst1 ; 1.000        ; -0.082     ; 2.763      ;
; -1.844 ; contador:inst5|inst  ; contador:inst5|inst3 ; debounce:inst4|inst1 ; debounce:inst4|inst1 ; 1.000        ; -0.082     ; 2.763      ;
; -1.790 ; contador:inst5|inst1 ; contador:inst5|inst  ; debounce:inst4|inst1 ; debounce:inst4|inst1 ; 1.000        ; -0.082     ; 2.709      ;
; -1.790 ; contador:inst5|inst1 ; contador:inst5|inst1 ; debounce:inst4|inst1 ; debounce:inst4|inst1 ; 1.000        ; -0.082     ; 2.709      ;
; -1.790 ; contador:inst5|inst1 ; contador:inst5|inst2 ; debounce:inst4|inst1 ; debounce:inst4|inst1 ; 1.000        ; -0.082     ; 2.709      ;
; -1.790 ; contador:inst5|inst1 ; contador:inst5|inst3 ; debounce:inst4|inst1 ; debounce:inst4|inst1 ; 1.000        ; -0.082     ; 2.709      ;
; -1.623 ; contador:inst5|inst2 ; contador:inst5|inst  ; debounce:inst4|inst1 ; debounce:inst4|inst1 ; 1.000        ; -0.082     ; 2.542      ;
; -1.623 ; contador:inst5|inst2 ; contador:inst5|inst1 ; debounce:inst4|inst1 ; debounce:inst4|inst1 ; 1.000        ; -0.082     ; 2.542      ;
; -1.623 ; contador:inst5|inst2 ; contador:inst5|inst2 ; debounce:inst4|inst1 ; debounce:inst4|inst1 ; 1.000        ; -0.082     ; 2.542      ;
; -1.623 ; contador:inst5|inst2 ; contador:inst5|inst3 ; debounce:inst4|inst1 ; debounce:inst4|inst1 ; 1.000        ; -0.082     ; 2.542      ;
; -1.618 ; contador:inst5|inst3 ; contador:inst5|inst  ; debounce:inst4|inst1 ; debounce:inst4|inst1 ; 1.000        ; -0.082     ; 2.537      ;
; -1.618 ; contador:inst5|inst3 ; contador:inst5|inst1 ; debounce:inst4|inst1 ; debounce:inst4|inst1 ; 1.000        ; -0.082     ; 2.537      ;
; -1.618 ; contador:inst5|inst3 ; contador:inst5|inst2 ; debounce:inst4|inst1 ; debounce:inst4|inst1 ; 1.000        ; -0.082     ; 2.537      ;
; -1.618 ; contador:inst5|inst3 ; contador:inst5|inst3 ; debounce:inst4|inst1 ; debounce:inst4|inst1 ; 1.000        ; -0.082     ; 2.537      ;
+--------+----------------------+----------------------+----------------------+----------------------+--------------+------------+------------+


+---------------------------------------------------------------------------------------------------------------------------------------------+
; Slow 1200mV 85C Model Recovery: 'debounce:inst3|inst1'                                                                                      ;
+--------+----------------------+----------------------+----------------------+----------------------+--------------+------------+------------+
; Slack  ; From Node            ; To Node              ; Launch Clock         ; Latch Clock          ; Relationship ; Clock Skew ; Data Delay ;
+--------+----------------------+----------------------+----------------------+----------------------+--------------+------------+------------+
; -1.725 ; contador:inst7|inst2 ; contador:inst7|inst3 ; debounce:inst3|inst1 ; debounce:inst3|inst1 ; 1.000        ; -0.082     ; 2.644      ;
; -1.725 ; contador:inst7|inst2 ; contador:inst7|inst2 ; debounce:inst3|inst1 ; debounce:inst3|inst1 ; 1.000        ; -0.082     ; 2.644      ;
; -1.725 ; contador:inst7|inst2 ; contador:inst7|inst  ; debounce:inst3|inst1 ; debounce:inst3|inst1 ; 1.000        ; -0.082     ; 2.644      ;
; -1.725 ; contador:inst7|inst2 ; contador:inst7|inst1 ; debounce:inst3|inst1 ; debounce:inst3|inst1 ; 1.000        ; -0.082     ; 2.644      ;
; -1.684 ; contador:inst7|inst3 ; contador:inst7|inst3 ; debounce:inst3|inst1 ; debounce:inst3|inst1 ; 1.000        ; -0.082     ; 2.603      ;
; -1.684 ; contador:inst7|inst3 ; contador:inst7|inst2 ; debounce:inst3|inst1 ; debounce:inst3|inst1 ; 1.000        ; -0.082     ; 2.603      ;
; -1.684 ; contador:inst7|inst3 ; contador:inst7|inst  ; debounce:inst3|inst1 ; debounce:inst3|inst1 ; 1.000        ; -0.082     ; 2.603      ;
; -1.684 ; contador:inst7|inst3 ; contador:inst7|inst1 ; debounce:inst3|inst1 ; debounce:inst3|inst1 ; 1.000        ; -0.082     ; 2.603      ;
; -1.561 ; contador:inst7|inst1 ; contador:inst7|inst3 ; debounce:inst3|inst1 ; debounce:inst3|inst1 ; 1.000        ; -0.082     ; 2.480      ;
; -1.561 ; contador:inst7|inst1 ; contador:inst7|inst2 ; debounce:inst3|inst1 ; debounce:inst3|inst1 ; 1.000        ; -0.082     ; 2.480      ;
; -1.561 ; contador:inst7|inst1 ; contador:inst7|inst  ; debounce:inst3|inst1 ; debounce:inst3|inst1 ; 1.000        ; -0.082     ; 2.480      ;
; -1.561 ; contador:inst7|inst1 ; contador:inst7|inst1 ; debounce:inst3|inst1 ; debounce:inst3|inst1 ; 1.000        ; -0.082     ; 2.480      ;
; -1.558 ; contador:inst7|inst  ; contador:inst7|inst3 ; debounce:inst3|inst1 ; debounce:inst3|inst1 ; 1.000        ; -0.082     ; 2.477      ;
; -1.558 ; contador:inst7|inst  ; contador:inst7|inst2 ; debounce:inst3|inst1 ; debounce:inst3|inst1 ; 1.000        ; -0.082     ; 2.477      ;
; -1.558 ; contador:inst7|inst  ; contador:inst7|inst  ; debounce:inst3|inst1 ; debounce:inst3|inst1 ; 1.000        ; -0.082     ; 2.477      ;
; -1.558 ; contador:inst7|inst  ; contador:inst7|inst1 ; debounce:inst3|inst1 ; debounce:inst3|inst1 ; 1.000        ; -0.082     ; 2.477      ;
+--------+----------------------+----------------------+----------------------+----------------------+--------------+------------+------------+


+--------------------------------------------------------------------------------------------------------------------------------------------+
; Slow 1200mV 85C Model Removal: 'debounce:inst3|inst1'                                                                                      ;
+-------+----------------------+----------------------+----------------------+----------------------+--------------+------------+------------+
; Slack ; From Node            ; To Node              ; Launch Clock         ; Latch Clock          ; Relationship ; Clock Skew ; Data Delay ;
+-------+----------------------+----------------------+----------------------+----------------------+--------------+------------+------------+
; 2.021 ; contador:inst7|inst  ; contador:inst7|inst3 ; debounce:inst3|inst1 ; debounce:inst3|inst1 ; 0.000        ; 0.082      ; 2.315      ;
; 2.021 ; contador:inst7|inst  ; contador:inst7|inst2 ; debounce:inst3|inst1 ; debounce:inst3|inst1 ; 0.000        ; 0.082      ; 2.315      ;
; 2.021 ; contador:inst7|inst  ; contador:inst7|inst  ; debounce:inst3|inst1 ; debounce:inst3|inst1 ; 0.000        ; 0.082      ; 2.315      ;
; 2.021 ; contador:inst7|inst  ; contador:inst7|inst1 ; debounce:inst3|inst1 ; debounce:inst3|inst1 ; 0.000        ; 0.082      ; 2.315      ;
; 2.079 ; contador:inst7|inst1 ; contador:inst7|inst3 ; debounce:inst3|inst1 ; debounce:inst3|inst1 ; 0.000        ; 0.082      ; 2.373      ;
; 2.079 ; contador:inst7|inst1 ; contador:inst7|inst2 ; debounce:inst3|inst1 ; debounce:inst3|inst1 ; 0.000        ; 0.082      ; 2.373      ;
; 2.079 ; contador:inst7|inst1 ; contador:inst7|inst  ; debounce:inst3|inst1 ; debounce:inst3|inst1 ; 0.000        ; 0.082      ; 2.373      ;
; 2.079 ; contador:inst7|inst1 ; contador:inst7|inst1 ; debounce:inst3|inst1 ; debounce:inst3|inst1 ; 0.000        ; 0.082      ; 2.373      ;
; 2.148 ; contador:inst7|inst3 ; contador:inst7|inst3 ; debounce:inst3|inst1 ; debounce:inst3|inst1 ; 0.000        ; 0.082      ; 2.442      ;
; 2.148 ; contador:inst7|inst3 ; contador:inst7|inst2 ; debounce:inst3|inst1 ; debounce:inst3|inst1 ; 0.000        ; 0.082      ; 2.442      ;
; 2.148 ; contador:inst7|inst3 ; contador:inst7|inst  ; debounce:inst3|inst1 ; debounce:inst3|inst1 ; 0.000        ; 0.082      ; 2.442      ;
; 2.148 ; contador:inst7|inst3 ; contador:inst7|inst1 ; debounce:inst3|inst1 ; debounce:inst3|inst1 ; 0.000        ; 0.082      ; 2.442      ;
; 2.159 ; contador:inst7|inst2 ; contador:inst7|inst3 ; debounce:inst3|inst1 ; debounce:inst3|inst1 ; 0.000        ; 0.082      ; 2.453      ;
; 2.159 ; contador:inst7|inst2 ; contador:inst7|inst2 ; debounce:inst3|inst1 ; debounce:inst3|inst1 ; 0.000        ; 0.082      ; 2.453      ;
; 2.159 ; contador:inst7|inst2 ; contador:inst7|inst  ; debounce:inst3|inst1 ; debounce:inst3|inst1 ; 0.000        ; 0.082      ; 2.453      ;
; 2.159 ; contador:inst7|inst2 ; contador:inst7|inst1 ; debounce:inst3|inst1 ; debounce:inst3|inst1 ; 0.000        ; 0.082      ; 2.453      ;
+-------+----------------------+----------------------+----------------------+----------------------+--------------+------------+------------+


+--------------------------------------------------------------------------------------------------------------------------------------------+
; Slow 1200mV 85C Model Removal: 'debounce:inst4|inst1'                                                                                      ;
+-------+----------------------+----------------------+----------------------+----------------------+--------------+------------+------------+
; Slack ; From Node            ; To Node              ; Launch Clock         ; Latch Clock          ; Relationship ; Clock Skew ; Data Delay ;
+-------+----------------------+----------------------+----------------------+----------------------+--------------+------------+------------+
; 2.066 ; contador:inst5|inst3 ; contador:inst5|inst  ; debounce:inst4|inst1 ; debounce:inst4|inst1 ; 0.000        ; 0.082      ; 2.360      ;
; 2.066 ; contador:inst5|inst3 ; contador:inst5|inst1 ; debounce:inst4|inst1 ; debounce:inst4|inst1 ; 0.000        ; 0.082      ; 2.360      ;
; 2.066 ; contador:inst5|inst3 ; contador:inst5|inst2 ; debounce:inst4|inst1 ; debounce:inst4|inst1 ; 0.000        ; 0.082      ; 2.360      ;
; 2.066 ; contador:inst5|inst3 ; contador:inst5|inst3 ; debounce:inst4|inst1 ; debounce:inst4|inst1 ; 0.000        ; 0.082      ; 2.360      ;
; 2.119 ; contador:inst5|inst2 ; contador:inst5|inst  ; debounce:inst4|inst1 ; debounce:inst4|inst1 ; 0.000        ; 0.082      ; 2.413      ;
; 2.119 ; contador:inst5|inst2 ; contador:inst5|inst1 ; debounce:inst4|inst1 ; debounce:inst4|inst1 ; 0.000        ; 0.082      ; 2.413      ;
; 2.119 ; contador:inst5|inst2 ; contador:inst5|inst2 ; debounce:inst4|inst1 ; debounce:inst4|inst1 ; 0.000        ; 0.082      ; 2.413      ;
; 2.119 ; contador:inst5|inst2 ; contador:inst5|inst3 ; debounce:inst4|inst1 ; debounce:inst4|inst1 ; 0.000        ; 0.082      ; 2.413      ;
; 2.243 ; contador:inst5|inst1 ; contador:inst5|inst  ; debounce:inst4|inst1 ; debounce:inst4|inst1 ; 0.000        ; 0.082      ; 2.537      ;
; 2.243 ; contador:inst5|inst1 ; contador:inst5|inst1 ; debounce:inst4|inst1 ; debounce:inst4|inst1 ; 0.000        ; 0.082      ; 2.537      ;
; 2.243 ; contador:inst5|inst1 ; contador:inst5|inst2 ; debounce:inst4|inst1 ; debounce:inst4|inst1 ; 0.000        ; 0.082      ; 2.537      ;
; 2.243 ; contador:inst5|inst1 ; contador:inst5|inst3 ; debounce:inst4|inst1 ; debounce:inst4|inst1 ; 0.000        ; 0.082      ; 2.537      ;
; 2.295 ; contador:inst5|inst  ; contador:inst5|inst  ; debounce:inst4|inst1 ; debounce:inst4|inst1 ; 0.000        ; 0.082      ; 2.589      ;
; 2.295 ; contador:inst5|inst  ; contador:inst5|inst1 ; debounce:inst4|inst1 ; debounce:inst4|inst1 ; 0.000        ; 0.082      ; 2.589      ;
; 2.295 ; contador:inst5|inst  ; contador:inst5|inst2 ; debounce:inst4|inst1 ; debounce:inst4|inst1 ; 0.000        ; 0.082      ; 2.589      ;
; 2.295 ; contador:inst5|inst  ; contador:inst5|inst3 ; debounce:inst4|inst1 ; debounce:inst4|inst1 ; 0.000        ; 0.082      ; 2.589      ;
+-------+----------------------+----------------------+----------------------+----------------------+--------------+------------+------------+


-----------------------------------------------
; Slow 1200mV 85C Model Metastability Summary ;
-----------------------------------------------
No synchronizer chains to report.


+----------------------------------------------------------------------------------------------------------------------+
; Slow 1200mV 0C Model Fmax Summary                                                                                    ;
+-------------+-----------------+----------------------+---------------------------------------------------------------+
; Fmax        ; Restricted Fmax ; Clock Name           ; Note                                                          ;
+-------------+-----------------+----------------------+---------------------------------------------------------------+
; 177.24 MHz  ; 177.24 MHz      ; clock                ;                                                               ;
; 467.29 MHz  ; 250.0 MHz       ; clock3               ; limit due to minimum period restriction (max I/O toggle rate) ;
; 820.34 MHz  ; 402.09 MHz      ; debounce:inst4|inst1 ; limit due to minimum period restriction (tmin)                ;
; 827.81 MHz  ; 402.09 MHz      ; debounce:inst3|inst1 ; limit due to minimum period restriction (tmin)                ;
; 1071.81 MHz ; 402.09 MHz      ; inst9                ; limit due to minimum period restriction (tmin)                ;
+-------------+-----------------+----------------------+---------------------------------------------------------------+
This panel reports FMAX for every clock in the design, regardless of the user-specified clock periods.  FMAX is only computed for paths where the source and destination registers or ports are driven by the same clock.  Paths of different clocks, including generated clocks, are ignored.  For paths between a clock and its inversion, FMAX is computed as if the rising and falling edges are scaled along with FMAX, such that the duty cycle (in terms of a percentage) is maintained. Altera recommends that you always use clock constraints and other slack reports for sign-off analysis.


+-----------------------------------------------+
; Slow 1200mV 0C Model Setup Summary            ;
+----------------------+--------+---------------+
; Clock                ; Slack  ; End Point TNS ;
+----------------------+--------+---------------+
; clock                ; -4.642 ; -119.666      ;
; clock3               ; -1.140 ; -6.935        ;
; inst1                ; -0.467 ; -0.866        ;
; debounce:inst4|inst1 ; -0.219 ; -0.424        ;
; debounce:inst3|inst1 ; -0.208 ; -0.515        ;
; inst9                ; 0.067  ; 0.000         ;
+----------------------+--------+---------------+


+----------------------------------------------+
; Slow 1200mV 0C Model Hold Summary            ;
+----------------------+-------+---------------+
; Clock                ; Slack ; End Point TNS ;
+----------------------+-------+---------------+
; debounce:inst3|inst1 ; 0.400 ; 0.000         ;
; debounce:inst4|inst1 ; 0.400 ; 0.000         ;
; inst9                ; 0.401 ; 0.000         ;
; clock3               ; 0.455 ; 0.000         ;
; clock                ; 0.688 ; 0.000         ;
; inst1                ; 0.743 ; 0.000         ;
+----------------------+-------+---------------+


+-----------------------------------------------+
; Slow 1200mV 0C Model Recovery Summary         ;
+----------------------+--------+---------------+
; Clock                ; Slack  ; End Point TNS ;
+----------------------+--------+---------------+
; debounce:inst4|inst1 ; -1.599 ; -6.396        ;
; debounce:inst3|inst1 ; -1.484 ; -5.936        ;
+----------------------+--------+---------------+


+----------------------------------------------+
; Slow 1200mV 0C Model Removal Summary         ;
+----------------------+-------+---------------+
; Clock                ; Slack ; End Point TNS ;
+----------------------+-------+---------------+
; debounce:inst3|inst1 ; 1.845 ; 0.000         ;
; debounce:inst4|inst1 ; 1.915 ; 0.000         ;
+----------------------+-------+---------------+


+--------------------------------------------------+
; Slow 1200mV 0C Model Minimum Pulse Width Summary ;
+----------------------+--------+------------------+
; Clock                ; Slack  ; End Point TNS    ;
+----------------------+--------+------------------+
; clock                ; -3.000 ; -52.071          ;
; clock3               ; -3.000 ; -14.896          ;
; debounce:inst3|inst1 ; -1.487 ; -5.948           ;
; debounce:inst4|inst1 ; -1.487 ; -5.948           ;
; inst1                ; -1.487 ; -5.948           ;
; inst9                ; -1.487 ; -2.974           ;
+----------------------+--------+------------------+


+-----------------------------------------------------------------------------------------------------------------------------------------------------------------------------------------------------------+
; Slow 1200mV 0C Model Setup: 'clock'                                                                                                                                                                       ;
+--------+--------------------------------------------------------------+-------------------------------------------------------------+--------------+-------------+--------------+------------+------------+
; Slack  ; From Node                                                    ; To Node                                                     ; Launch Clock ; Latch Clock ; Relationship ; Clock Skew ; Data Delay ;
+--------+--------------------------------------------------------------+-------------------------------------------------------------+--------------+-------------+--------------+------------+------------+
; -4.642 ; lpm_counter:inst|cntr_tmj:auto_generated|counter_reg_bit[12] ; inst1                                                       ; clock        ; clock       ; 1.000        ; -0.073     ; 5.571      ;
; -4.545 ; lpm_counter:inst|cntr_tmj:auto_generated|counter_reg_bit[18] ; inst1                                                       ; clock        ; clock       ; 1.000        ; -0.073     ; 5.474      ;
; -4.543 ; lpm_counter:inst|cntr_tmj:auto_generated|counter_reg_bit[15] ; inst1                                                       ; clock        ; clock       ; 1.000        ; -0.073     ; 5.472      ;
; -4.485 ; lpm_counter:inst|cntr_tmj:auto_generated|counter_reg_bit[11] ; inst1                                                       ; clock        ; clock       ; 1.000        ; -0.073     ; 5.414      ;
; -4.447 ; lpm_counter:inst|cntr_tmj:auto_generated|counter_reg_bit[17] ; inst1                                                       ; clock        ; clock       ; 1.000        ; -0.073     ; 5.376      ;
; -4.422 ; lpm_counter:inst|cntr_tmj:auto_generated|counter_reg_bit[12] ; lpm_counter:inst|cntr_tmj:auto_generated|counter_reg_bit[0] ; clock        ; clock       ; 1.000        ; -0.072     ; 5.352      ;
; -4.422 ; lpm_counter:inst|cntr_tmj:auto_generated|counter_reg_bit[12] ; lpm_counter:inst|cntr_tmj:auto_generated|counter_reg_bit[1] ; clock        ; clock       ; 1.000        ; -0.072     ; 5.352      ;
; -4.422 ; lpm_counter:inst|cntr_tmj:auto_generated|counter_reg_bit[12] ; lpm_counter:inst|cntr_tmj:auto_generated|counter_reg_bit[2] ; clock        ; clock       ; 1.000        ; -0.072     ; 5.352      ;
; -4.422 ; lpm_counter:inst|cntr_tmj:auto_generated|counter_reg_bit[12] ; lpm_counter:inst|cntr_tmj:auto_generated|counter_reg_bit[3] ; clock        ; clock       ; 1.000        ; -0.072     ; 5.352      ;
; -4.422 ; lpm_counter:inst|cntr_tmj:auto_generated|counter_reg_bit[12] ; lpm_counter:inst|cntr_tmj:auto_generated|counter_reg_bit[4] ; clock        ; clock       ; 1.000        ; -0.072     ; 5.352      ;
; -4.422 ; lpm_counter:inst|cntr_tmj:auto_generated|counter_reg_bit[12] ; lpm_counter:inst|cntr_tmj:auto_generated|counter_reg_bit[5] ; clock        ; clock       ; 1.000        ; -0.072     ; 5.352      ;
; -4.422 ; lpm_counter:inst|cntr_tmj:auto_generated|counter_reg_bit[12] ; lpm_counter:inst|cntr_tmj:auto_generated|counter_reg_bit[6] ; clock        ; clock       ; 1.000        ; -0.072     ; 5.352      ;
; -4.422 ; lpm_counter:inst|cntr_tmj:auto_generated|counter_reg_bit[12] ; lpm_counter:inst|cntr_tmj:auto_generated|counter_reg_bit[7] ; clock        ; clock       ; 1.000        ; -0.072     ; 5.352      ;
; -4.422 ; lpm_counter:inst|cntr_tmj:auto_generated|counter_reg_bit[12] ; lpm_counter:inst|cntr_tmj:auto_generated|counter_reg_bit[8] ; clock        ; clock       ; 1.000        ; -0.072     ; 5.352      ;
; -4.422 ; lpm_counter:inst|cntr_tmj:auto_generated|counter_reg_bit[12] ; lpm_counter:inst|cntr_tmj:auto_generated|counter_reg_bit[9] ; clock        ; clock       ; 1.000        ; -0.072     ; 5.352      ;
; -4.368 ; lpm_counter:inst|cntr_tmj:auto_generated|counter_reg_bit[14] ; inst1                                                       ; clock        ; clock       ; 1.000        ; -0.073     ; 5.297      ;
; -4.329 ; lpm_counter:inst|cntr_tmj:auto_generated|counter_reg_bit[16] ; inst1                                                       ; clock        ; clock       ; 1.000        ; -0.073     ; 5.258      ;
; -4.325 ; lpm_counter:inst|cntr_tmj:auto_generated|counter_reg_bit[18] ; lpm_counter:inst|cntr_tmj:auto_generated|counter_reg_bit[0] ; clock        ; clock       ; 1.000        ; -0.072     ; 5.255      ;
; -4.325 ; lpm_counter:inst|cntr_tmj:auto_generated|counter_reg_bit[18] ; lpm_counter:inst|cntr_tmj:auto_generated|counter_reg_bit[1] ; clock        ; clock       ; 1.000        ; -0.072     ; 5.255      ;
; -4.325 ; lpm_counter:inst|cntr_tmj:auto_generated|counter_reg_bit[18] ; lpm_counter:inst|cntr_tmj:auto_generated|counter_reg_bit[2] ; clock        ; clock       ; 1.000        ; -0.072     ; 5.255      ;
; -4.325 ; lpm_counter:inst|cntr_tmj:auto_generated|counter_reg_bit[18] ; lpm_counter:inst|cntr_tmj:auto_generated|counter_reg_bit[3] ; clock        ; clock       ; 1.000        ; -0.072     ; 5.255      ;
; -4.325 ; lpm_counter:inst|cntr_tmj:auto_generated|counter_reg_bit[18] ; lpm_counter:inst|cntr_tmj:auto_generated|counter_reg_bit[4] ; clock        ; clock       ; 1.000        ; -0.072     ; 5.255      ;
; -4.325 ; lpm_counter:inst|cntr_tmj:auto_generated|counter_reg_bit[18] ; lpm_counter:inst|cntr_tmj:auto_generated|counter_reg_bit[5] ; clock        ; clock       ; 1.000        ; -0.072     ; 5.255      ;
; -4.325 ; lpm_counter:inst|cntr_tmj:auto_generated|counter_reg_bit[18] ; lpm_counter:inst|cntr_tmj:auto_generated|counter_reg_bit[6] ; clock        ; clock       ; 1.000        ; -0.072     ; 5.255      ;
; -4.325 ; lpm_counter:inst|cntr_tmj:auto_generated|counter_reg_bit[18] ; lpm_counter:inst|cntr_tmj:auto_generated|counter_reg_bit[7] ; clock        ; clock       ; 1.000        ; -0.072     ; 5.255      ;
; -4.325 ; lpm_counter:inst|cntr_tmj:auto_generated|counter_reg_bit[18] ; lpm_counter:inst|cntr_tmj:auto_generated|counter_reg_bit[8] ; clock        ; clock       ; 1.000        ; -0.072     ; 5.255      ;
; -4.325 ; lpm_counter:inst|cntr_tmj:auto_generated|counter_reg_bit[18] ; lpm_counter:inst|cntr_tmj:auto_generated|counter_reg_bit[9] ; clock        ; clock       ; 1.000        ; -0.072     ; 5.255      ;
; -4.323 ; lpm_counter:inst|cntr_tmj:auto_generated|counter_reg_bit[15] ; lpm_counter:inst|cntr_tmj:auto_generated|counter_reg_bit[0] ; clock        ; clock       ; 1.000        ; -0.072     ; 5.253      ;
; -4.323 ; lpm_counter:inst|cntr_tmj:auto_generated|counter_reg_bit[15] ; lpm_counter:inst|cntr_tmj:auto_generated|counter_reg_bit[1] ; clock        ; clock       ; 1.000        ; -0.072     ; 5.253      ;
; -4.323 ; lpm_counter:inst|cntr_tmj:auto_generated|counter_reg_bit[15] ; lpm_counter:inst|cntr_tmj:auto_generated|counter_reg_bit[2] ; clock        ; clock       ; 1.000        ; -0.072     ; 5.253      ;
; -4.323 ; lpm_counter:inst|cntr_tmj:auto_generated|counter_reg_bit[15] ; lpm_counter:inst|cntr_tmj:auto_generated|counter_reg_bit[3] ; clock        ; clock       ; 1.000        ; -0.072     ; 5.253      ;
; -4.323 ; lpm_counter:inst|cntr_tmj:auto_generated|counter_reg_bit[15] ; lpm_counter:inst|cntr_tmj:auto_generated|counter_reg_bit[4] ; clock        ; clock       ; 1.000        ; -0.072     ; 5.253      ;
; -4.323 ; lpm_counter:inst|cntr_tmj:auto_generated|counter_reg_bit[15] ; lpm_counter:inst|cntr_tmj:auto_generated|counter_reg_bit[5] ; clock        ; clock       ; 1.000        ; -0.072     ; 5.253      ;
; -4.323 ; lpm_counter:inst|cntr_tmj:auto_generated|counter_reg_bit[15] ; lpm_counter:inst|cntr_tmj:auto_generated|counter_reg_bit[6] ; clock        ; clock       ; 1.000        ; -0.072     ; 5.253      ;
; -4.323 ; lpm_counter:inst|cntr_tmj:auto_generated|counter_reg_bit[15] ; lpm_counter:inst|cntr_tmj:auto_generated|counter_reg_bit[7] ; clock        ; clock       ; 1.000        ; -0.072     ; 5.253      ;
; -4.323 ; lpm_counter:inst|cntr_tmj:auto_generated|counter_reg_bit[15] ; lpm_counter:inst|cntr_tmj:auto_generated|counter_reg_bit[8] ; clock        ; clock       ; 1.000        ; -0.072     ; 5.253      ;
; -4.323 ; lpm_counter:inst|cntr_tmj:auto_generated|counter_reg_bit[15] ; lpm_counter:inst|cntr_tmj:auto_generated|counter_reg_bit[9] ; clock        ; clock       ; 1.000        ; -0.072     ; 5.253      ;
; -4.265 ; lpm_counter:inst|cntr_tmj:auto_generated|counter_reg_bit[11] ; lpm_counter:inst|cntr_tmj:auto_generated|counter_reg_bit[0] ; clock        ; clock       ; 1.000        ; -0.072     ; 5.195      ;
; -4.265 ; lpm_counter:inst|cntr_tmj:auto_generated|counter_reg_bit[11] ; lpm_counter:inst|cntr_tmj:auto_generated|counter_reg_bit[1] ; clock        ; clock       ; 1.000        ; -0.072     ; 5.195      ;
; -4.265 ; lpm_counter:inst|cntr_tmj:auto_generated|counter_reg_bit[11] ; lpm_counter:inst|cntr_tmj:auto_generated|counter_reg_bit[2] ; clock        ; clock       ; 1.000        ; -0.072     ; 5.195      ;
; -4.265 ; lpm_counter:inst|cntr_tmj:auto_generated|counter_reg_bit[11] ; lpm_counter:inst|cntr_tmj:auto_generated|counter_reg_bit[3] ; clock        ; clock       ; 1.000        ; -0.072     ; 5.195      ;
; -4.265 ; lpm_counter:inst|cntr_tmj:auto_generated|counter_reg_bit[11] ; lpm_counter:inst|cntr_tmj:auto_generated|counter_reg_bit[4] ; clock        ; clock       ; 1.000        ; -0.072     ; 5.195      ;
; -4.265 ; lpm_counter:inst|cntr_tmj:auto_generated|counter_reg_bit[11] ; lpm_counter:inst|cntr_tmj:auto_generated|counter_reg_bit[5] ; clock        ; clock       ; 1.000        ; -0.072     ; 5.195      ;
; -4.265 ; lpm_counter:inst|cntr_tmj:auto_generated|counter_reg_bit[11] ; lpm_counter:inst|cntr_tmj:auto_generated|counter_reg_bit[6] ; clock        ; clock       ; 1.000        ; -0.072     ; 5.195      ;
; -4.265 ; lpm_counter:inst|cntr_tmj:auto_generated|counter_reg_bit[11] ; lpm_counter:inst|cntr_tmj:auto_generated|counter_reg_bit[7] ; clock        ; clock       ; 1.000        ; -0.072     ; 5.195      ;
; -4.265 ; lpm_counter:inst|cntr_tmj:auto_generated|counter_reg_bit[11] ; lpm_counter:inst|cntr_tmj:auto_generated|counter_reg_bit[8] ; clock        ; clock       ; 1.000        ; -0.072     ; 5.195      ;
; -4.265 ; lpm_counter:inst|cntr_tmj:auto_generated|counter_reg_bit[11] ; lpm_counter:inst|cntr_tmj:auto_generated|counter_reg_bit[9] ; clock        ; clock       ; 1.000        ; -0.072     ; 5.195      ;
; -4.227 ; lpm_counter:inst|cntr_tmj:auto_generated|counter_reg_bit[17] ; lpm_counter:inst|cntr_tmj:auto_generated|counter_reg_bit[0] ; clock        ; clock       ; 1.000        ; -0.072     ; 5.157      ;
; -4.227 ; lpm_counter:inst|cntr_tmj:auto_generated|counter_reg_bit[17] ; lpm_counter:inst|cntr_tmj:auto_generated|counter_reg_bit[1] ; clock        ; clock       ; 1.000        ; -0.072     ; 5.157      ;
; -4.227 ; lpm_counter:inst|cntr_tmj:auto_generated|counter_reg_bit[17] ; lpm_counter:inst|cntr_tmj:auto_generated|counter_reg_bit[2] ; clock        ; clock       ; 1.000        ; -0.072     ; 5.157      ;
; -4.227 ; lpm_counter:inst|cntr_tmj:auto_generated|counter_reg_bit[17] ; lpm_counter:inst|cntr_tmj:auto_generated|counter_reg_bit[3] ; clock        ; clock       ; 1.000        ; -0.072     ; 5.157      ;
; -4.227 ; lpm_counter:inst|cntr_tmj:auto_generated|counter_reg_bit[17] ; lpm_counter:inst|cntr_tmj:auto_generated|counter_reg_bit[4] ; clock        ; clock       ; 1.000        ; -0.072     ; 5.157      ;
; -4.227 ; lpm_counter:inst|cntr_tmj:auto_generated|counter_reg_bit[17] ; lpm_counter:inst|cntr_tmj:auto_generated|counter_reg_bit[5] ; clock        ; clock       ; 1.000        ; -0.072     ; 5.157      ;
; -4.227 ; lpm_counter:inst|cntr_tmj:auto_generated|counter_reg_bit[17] ; lpm_counter:inst|cntr_tmj:auto_generated|counter_reg_bit[6] ; clock        ; clock       ; 1.000        ; -0.072     ; 5.157      ;
; -4.227 ; lpm_counter:inst|cntr_tmj:auto_generated|counter_reg_bit[17] ; lpm_counter:inst|cntr_tmj:auto_generated|counter_reg_bit[7] ; clock        ; clock       ; 1.000        ; -0.072     ; 5.157      ;
; -4.227 ; lpm_counter:inst|cntr_tmj:auto_generated|counter_reg_bit[17] ; lpm_counter:inst|cntr_tmj:auto_generated|counter_reg_bit[8] ; clock        ; clock       ; 1.000        ; -0.072     ; 5.157      ;
; -4.227 ; lpm_counter:inst|cntr_tmj:auto_generated|counter_reg_bit[17] ; lpm_counter:inst|cntr_tmj:auto_generated|counter_reg_bit[9] ; clock        ; clock       ; 1.000        ; -0.072     ; 5.157      ;
; -4.204 ; lpm_counter:inst|cntr_tmj:auto_generated|counter_reg_bit[13] ; inst1                                                       ; clock        ; clock       ; 1.000        ; -0.073     ; 5.133      ;
; -4.157 ; lpm_counter:inst|cntr_tmj:auto_generated|counter_reg_bit[7]  ; inst1                                                       ; clock        ; clock       ; 1.000        ; -0.074     ; 5.085      ;
; -4.148 ; lpm_counter:inst|cntr_tmj:auto_generated|counter_reg_bit[14] ; lpm_counter:inst|cntr_tmj:auto_generated|counter_reg_bit[0] ; clock        ; clock       ; 1.000        ; -0.072     ; 5.078      ;
; -4.148 ; lpm_counter:inst|cntr_tmj:auto_generated|counter_reg_bit[14] ; lpm_counter:inst|cntr_tmj:auto_generated|counter_reg_bit[1] ; clock        ; clock       ; 1.000        ; -0.072     ; 5.078      ;
; -4.148 ; lpm_counter:inst|cntr_tmj:auto_generated|counter_reg_bit[14] ; lpm_counter:inst|cntr_tmj:auto_generated|counter_reg_bit[2] ; clock        ; clock       ; 1.000        ; -0.072     ; 5.078      ;
; -4.148 ; lpm_counter:inst|cntr_tmj:auto_generated|counter_reg_bit[14] ; lpm_counter:inst|cntr_tmj:auto_generated|counter_reg_bit[3] ; clock        ; clock       ; 1.000        ; -0.072     ; 5.078      ;
; -4.148 ; lpm_counter:inst|cntr_tmj:auto_generated|counter_reg_bit[14] ; lpm_counter:inst|cntr_tmj:auto_generated|counter_reg_bit[4] ; clock        ; clock       ; 1.000        ; -0.072     ; 5.078      ;
; -4.148 ; lpm_counter:inst|cntr_tmj:auto_generated|counter_reg_bit[14] ; lpm_counter:inst|cntr_tmj:auto_generated|counter_reg_bit[5] ; clock        ; clock       ; 1.000        ; -0.072     ; 5.078      ;
; -4.148 ; lpm_counter:inst|cntr_tmj:auto_generated|counter_reg_bit[14] ; lpm_counter:inst|cntr_tmj:auto_generated|counter_reg_bit[6] ; clock        ; clock       ; 1.000        ; -0.072     ; 5.078      ;
; -4.148 ; lpm_counter:inst|cntr_tmj:auto_generated|counter_reg_bit[14] ; lpm_counter:inst|cntr_tmj:auto_generated|counter_reg_bit[7] ; clock        ; clock       ; 1.000        ; -0.072     ; 5.078      ;
; -4.148 ; lpm_counter:inst|cntr_tmj:auto_generated|counter_reg_bit[14] ; lpm_counter:inst|cntr_tmj:auto_generated|counter_reg_bit[8] ; clock        ; clock       ; 1.000        ; -0.072     ; 5.078      ;
; -4.148 ; lpm_counter:inst|cntr_tmj:auto_generated|counter_reg_bit[14] ; lpm_counter:inst|cntr_tmj:auto_generated|counter_reg_bit[9] ; clock        ; clock       ; 1.000        ; -0.072     ; 5.078      ;
; -4.145 ; lpm_counter:inst|cntr_tmj:auto_generated|counter_reg_bit[3]  ; inst1                                                       ; clock        ; clock       ; 1.000        ; -0.074     ; 5.073      ;
; -4.140 ; lpm_counter:inst|cntr_tmj:auto_generated|counter_reg_bit[5]  ; inst1                                                       ; clock        ; clock       ; 1.000        ; -0.074     ; 5.068      ;
; -4.109 ; lpm_counter:inst|cntr_tmj:auto_generated|counter_reg_bit[16] ; lpm_counter:inst|cntr_tmj:auto_generated|counter_reg_bit[0] ; clock        ; clock       ; 1.000        ; -0.072     ; 5.039      ;
; -4.109 ; lpm_counter:inst|cntr_tmj:auto_generated|counter_reg_bit[16] ; lpm_counter:inst|cntr_tmj:auto_generated|counter_reg_bit[1] ; clock        ; clock       ; 1.000        ; -0.072     ; 5.039      ;
; -4.109 ; lpm_counter:inst|cntr_tmj:auto_generated|counter_reg_bit[16] ; lpm_counter:inst|cntr_tmj:auto_generated|counter_reg_bit[2] ; clock        ; clock       ; 1.000        ; -0.072     ; 5.039      ;
; -4.109 ; lpm_counter:inst|cntr_tmj:auto_generated|counter_reg_bit[16] ; lpm_counter:inst|cntr_tmj:auto_generated|counter_reg_bit[3] ; clock        ; clock       ; 1.000        ; -0.072     ; 5.039      ;
; -4.109 ; lpm_counter:inst|cntr_tmj:auto_generated|counter_reg_bit[16] ; lpm_counter:inst|cntr_tmj:auto_generated|counter_reg_bit[4] ; clock        ; clock       ; 1.000        ; -0.072     ; 5.039      ;
; -4.109 ; lpm_counter:inst|cntr_tmj:auto_generated|counter_reg_bit[16] ; lpm_counter:inst|cntr_tmj:auto_generated|counter_reg_bit[5] ; clock        ; clock       ; 1.000        ; -0.072     ; 5.039      ;
; -4.109 ; lpm_counter:inst|cntr_tmj:auto_generated|counter_reg_bit[16] ; lpm_counter:inst|cntr_tmj:auto_generated|counter_reg_bit[6] ; clock        ; clock       ; 1.000        ; -0.072     ; 5.039      ;
; -4.109 ; lpm_counter:inst|cntr_tmj:auto_generated|counter_reg_bit[16] ; lpm_counter:inst|cntr_tmj:auto_generated|counter_reg_bit[7] ; clock        ; clock       ; 1.000        ; -0.072     ; 5.039      ;
; -4.109 ; lpm_counter:inst|cntr_tmj:auto_generated|counter_reg_bit[16] ; lpm_counter:inst|cntr_tmj:auto_generated|counter_reg_bit[8] ; clock        ; clock       ; 1.000        ; -0.072     ; 5.039      ;
; -4.109 ; lpm_counter:inst|cntr_tmj:auto_generated|counter_reg_bit[16] ; lpm_counter:inst|cntr_tmj:auto_generated|counter_reg_bit[9] ; clock        ; clock       ; 1.000        ; -0.072     ; 5.039      ;
; -4.101 ; lpm_counter:inst|cntr_tmj:auto_generated|counter_reg_bit[8]  ; inst1                                                       ; clock        ; clock       ; 1.000        ; -0.074     ; 5.029      ;
; -4.083 ; lpm_counter:inst|cntr_tmj:auto_generated|counter_reg_bit[4]  ; inst1                                                       ; clock        ; clock       ; 1.000        ; -0.074     ; 5.011      ;
; -4.077 ; lpm_counter:inst|cntr_tmj:auto_generated|counter_reg_bit[0]  ; inst1                                                       ; clock        ; clock       ; 1.000        ; -0.074     ; 5.005      ;
; -3.997 ; lpm_counter:inst8|cntr_ojj:auto_generated|counter_reg_bit[1] ; inst9                                                       ; clock        ; clock       ; 1.000        ; -0.072     ; 4.927      ;
; -3.984 ; lpm_counter:inst|cntr_tmj:auto_generated|counter_reg_bit[13] ; lpm_counter:inst|cntr_tmj:auto_generated|counter_reg_bit[0] ; clock        ; clock       ; 1.000        ; -0.072     ; 4.914      ;
; -3.984 ; lpm_counter:inst|cntr_tmj:auto_generated|counter_reg_bit[13] ; lpm_counter:inst|cntr_tmj:auto_generated|counter_reg_bit[1] ; clock        ; clock       ; 1.000        ; -0.072     ; 4.914      ;
; -3.984 ; lpm_counter:inst|cntr_tmj:auto_generated|counter_reg_bit[13] ; lpm_counter:inst|cntr_tmj:auto_generated|counter_reg_bit[2] ; clock        ; clock       ; 1.000        ; -0.072     ; 4.914      ;
; -3.984 ; lpm_counter:inst|cntr_tmj:auto_generated|counter_reg_bit[13] ; lpm_counter:inst|cntr_tmj:auto_generated|counter_reg_bit[3] ; clock        ; clock       ; 1.000        ; -0.072     ; 4.914      ;
; -3.984 ; lpm_counter:inst|cntr_tmj:auto_generated|counter_reg_bit[13] ; lpm_counter:inst|cntr_tmj:auto_generated|counter_reg_bit[4] ; clock        ; clock       ; 1.000        ; -0.072     ; 4.914      ;
; -3.984 ; lpm_counter:inst|cntr_tmj:auto_generated|counter_reg_bit[13] ; lpm_counter:inst|cntr_tmj:auto_generated|counter_reg_bit[5] ; clock        ; clock       ; 1.000        ; -0.072     ; 4.914      ;
; -3.984 ; lpm_counter:inst|cntr_tmj:auto_generated|counter_reg_bit[13] ; lpm_counter:inst|cntr_tmj:auto_generated|counter_reg_bit[6] ; clock        ; clock       ; 1.000        ; -0.072     ; 4.914      ;
; -3.984 ; lpm_counter:inst|cntr_tmj:auto_generated|counter_reg_bit[13] ; lpm_counter:inst|cntr_tmj:auto_generated|counter_reg_bit[7] ; clock        ; clock       ; 1.000        ; -0.072     ; 4.914      ;
; -3.984 ; lpm_counter:inst|cntr_tmj:auto_generated|counter_reg_bit[13] ; lpm_counter:inst|cntr_tmj:auto_generated|counter_reg_bit[8] ; clock        ; clock       ; 1.000        ; -0.072     ; 4.914      ;
; -3.984 ; lpm_counter:inst|cntr_tmj:auto_generated|counter_reg_bit[13] ; lpm_counter:inst|cntr_tmj:auto_generated|counter_reg_bit[9] ; clock        ; clock       ; 1.000        ; -0.072     ; 4.914      ;
; -3.980 ; lpm_counter:inst|cntr_tmj:auto_generated|counter_reg_bit[1]  ; inst1                                                       ; clock        ; clock       ; 1.000        ; -0.074     ; 4.908      ;
; -3.980 ; lpm_counter:inst|cntr_tmj:auto_generated|counter_reg_bit[10] ; inst1                                                       ; clock        ; clock       ; 1.000        ; -0.073     ; 4.909      ;
; -3.966 ; lpm_counter:inst8|cntr_ojj:auto_generated|counter_reg_bit[0] ; inst9                                                       ; clock        ; clock       ; 1.000        ; -0.072     ; 4.896      ;
; -3.960 ; lpm_counter:inst|cntr_tmj:auto_generated|counter_reg_bit[9]  ; inst1                                                       ; clock        ; clock       ; 1.000        ; -0.074     ; 4.888      ;
; -3.955 ; lpm_counter:inst|cntr_tmj:auto_generated|counter_reg_bit[2]  ; inst1                                                       ; clock        ; clock       ; 1.000        ; -0.074     ; 4.883      ;
+--------+--------------------------------------------------------------+-------------------------------------------------------------+--------------+-------------+--------------+------------+------------+


+--------------------------------------------------------------------------------------------------------------------------------------------------------------------------------------------------------------+
; Slow 1200mV 0C Model Setup: 'clock3'                                                                                                                                                                         ;
+--------+---------------------------------------------------------------+---------------------------------------------------------------+--------------+-------------+--------------+------------+------------+
; Slack  ; From Node                                                     ; To Node                                                       ; Launch Clock ; Latch Clock ; Relationship ; Clock Skew ; Data Delay ;
+--------+---------------------------------------------------------------+---------------------------------------------------------------+--------------+-------------+--------------+------------+------------+
; -1.140 ; lpm_counter:inst11|cntr_grj:auto_generated|counter_reg_bit[0] ; lpm_counter:inst11|cntr_grj:auto_generated|counter_reg_bit[7] ; clock3       ; clock3      ; 1.000        ; -0.073     ; 2.069      ;
; -1.093 ; lpm_counter:inst11|cntr_grj:auto_generated|counter_reg_bit[1] ; lpm_counter:inst11|cntr_grj:auto_generated|counter_reg_bit[6] ; clock3       ; clock3      ; 1.000        ; -0.073     ; 2.022      ;
; -1.054 ; lpm_counter:inst11|cntr_grj:auto_generated|counter_reg_bit[1] ; lpm_counter:inst11|cntr_grj:auto_generated|counter_reg_bit[7] ; clock3       ; clock3      ; 1.000        ; -0.073     ; 1.983      ;
; -1.014 ; lpm_counter:inst11|cntr_grj:auto_generated|counter_reg_bit[0] ; lpm_counter:inst11|cntr_grj:auto_generated|counter_reg_bit[5] ; clock3       ; clock3      ; 1.000        ; -0.073     ; 1.943      ;
; -1.010 ; lpm_counter:inst11|cntr_grj:auto_generated|counter_reg_bit[2] ; lpm_counter:inst11|cntr_grj:auto_generated|counter_reg_bit[7] ; clock3       ; clock3      ; 1.000        ; -0.073     ; 1.939      ;
; -1.002 ; lpm_counter:inst11|cntr_grj:auto_generated|counter_reg_bit[0] ; lpm_counter:inst11|cntr_grj:auto_generated|counter_reg_bit[6] ; clock3       ; clock3      ; 1.000        ; -0.073     ; 1.931      ;
; -0.967 ; lpm_counter:inst11|cntr_grj:auto_generated|counter_reg_bit[1] ; lpm_counter:inst11|cntr_grj:auto_generated|counter_reg_bit[4] ; clock3       ; clock3      ; 1.000        ; -0.073     ; 1.896      ;
; -0.955 ; lpm_counter:inst11|cntr_grj:auto_generated|counter_reg_bit[3] ; lpm_counter:inst11|cntr_grj:auto_generated|counter_reg_bit[6] ; clock3       ; clock3      ; 1.000        ; -0.073     ; 1.884      ;
; -0.928 ; lpm_counter:inst11|cntr_grj:auto_generated|counter_reg_bit[1] ; lpm_counter:inst11|cntr_grj:auto_generated|counter_reg_bit[5] ; clock3       ; clock3      ; 1.000        ; -0.073     ; 1.857      ;
; -0.916 ; lpm_counter:inst11|cntr_grj:auto_generated|counter_reg_bit[3] ; lpm_counter:inst11|cntr_grj:auto_generated|counter_reg_bit[7] ; clock3       ; clock3      ; 1.000        ; -0.073     ; 1.845      ;
; -0.888 ; lpm_counter:inst11|cntr_grj:auto_generated|counter_reg_bit[0] ; lpm_counter:inst11|cntr_grj:auto_generated|counter_reg_bit[3] ; clock3       ; clock3      ; 1.000        ; -0.073     ; 1.817      ;
; -0.885 ; lpm_counter:inst11|cntr_grj:auto_generated|counter_reg_bit[2] ; lpm_counter:inst11|cntr_grj:auto_generated|counter_reg_bit[6] ; clock3       ; clock3      ; 1.000        ; -0.073     ; 1.814      ;
; -0.884 ; lpm_counter:inst11|cntr_grj:auto_generated|counter_reg_bit[2] ; lpm_counter:inst11|cntr_grj:auto_generated|counter_reg_bit[5] ; clock3       ; clock3      ; 1.000        ; -0.073     ; 1.813      ;
; -0.876 ; lpm_counter:inst11|cntr_grj:auto_generated|counter_reg_bit[0] ; lpm_counter:inst11|cntr_grj:auto_generated|counter_reg_bit[4] ; clock3       ; clock3      ; 1.000        ; -0.073     ; 1.805      ;
; -0.871 ; lpm_counter:inst11|cntr_grj:auto_generated|counter_reg_bit[4] ; lpm_counter:inst11|cntr_grj:auto_generated|counter_reg_bit[7] ; clock3       ; clock3      ; 1.000        ; -0.073     ; 1.800      ;
; -0.841 ; lpm_counter:inst11|cntr_grj:auto_generated|counter_reg_bit[1] ; lpm_counter:inst11|cntr_grj:auto_generated|counter_reg_bit[2] ; clock3       ; clock3      ; 1.000        ; -0.073     ; 1.770      ;
; -0.829 ; lpm_counter:inst11|cntr_grj:auto_generated|counter_reg_bit[3] ; lpm_counter:inst11|cntr_grj:auto_generated|counter_reg_bit[4] ; clock3       ; clock3      ; 1.000        ; -0.073     ; 1.758      ;
; -0.826 ; lpm_counter:inst11|cntr_grj:auto_generated|counter_reg_bit[5] ; lpm_counter:inst11|cntr_grj:auto_generated|counter_reg_bit[6] ; clock3       ; clock3      ; 1.000        ; -0.073     ; 1.755      ;
; -0.802 ; lpm_counter:inst11|cntr_grj:auto_generated|counter_reg_bit[1] ; lpm_counter:inst11|cntr_grj:auto_generated|counter_reg_bit[3] ; clock3       ; clock3      ; 1.000        ; -0.073     ; 1.731      ;
; -0.790 ; lpm_counter:inst11|cntr_grj:auto_generated|counter_reg_bit[3] ; lpm_counter:inst11|cntr_grj:auto_generated|counter_reg_bit[5] ; clock3       ; clock3      ; 1.000        ; -0.073     ; 1.719      ;
; -0.787 ; lpm_counter:inst11|cntr_grj:auto_generated|counter_reg_bit[5] ; lpm_counter:inst11|cntr_grj:auto_generated|counter_reg_bit[7] ; clock3       ; clock3      ; 1.000        ; -0.073     ; 1.716      ;
; -0.762 ; lpm_counter:inst11|cntr_grj:auto_generated|counter_reg_bit[0] ; lpm_counter:inst11|cntr_grj:auto_generated|counter_reg_bit[1] ; clock3       ; clock3      ; 1.000        ; -0.073     ; 1.691      ;
; -0.759 ; lpm_counter:inst11|cntr_grj:auto_generated|counter_reg_bit[2] ; lpm_counter:inst11|cntr_grj:auto_generated|counter_reg_bit[4] ; clock3       ; clock3      ; 1.000        ; -0.073     ; 1.688      ;
; -0.758 ; lpm_counter:inst11|cntr_grj:auto_generated|counter_reg_bit[2] ; lpm_counter:inst11|cntr_grj:auto_generated|counter_reg_bit[3] ; clock3       ; clock3      ; 1.000        ; -0.073     ; 1.687      ;
; -0.750 ; lpm_counter:inst11|cntr_grj:auto_generated|counter_reg_bit[6] ; lpm_counter:inst11|cntr_grj:auto_generated|counter_reg_bit[7] ; clock3       ; clock3      ; 1.000        ; -0.073     ; 1.679      ;
; -0.750 ; lpm_counter:inst11|cntr_grj:auto_generated|counter_reg_bit[0] ; lpm_counter:inst11|cntr_grj:auto_generated|counter_reg_bit[2] ; clock3       ; clock3      ; 1.000        ; -0.073     ; 1.679      ;
; -0.749 ; lpm_counter:inst11|cntr_grj:auto_generated|counter_reg_bit[4] ; lpm_counter:inst11|cntr_grj:auto_generated|counter_reg_bit[6] ; clock3       ; clock3      ; 1.000        ; -0.073     ; 1.678      ;
; -0.745 ; lpm_counter:inst11|cntr_grj:auto_generated|counter_reg_bit[4] ; lpm_counter:inst11|cntr_grj:auto_generated|counter_reg_bit[5] ; clock3       ; clock3      ; 1.000        ; -0.073     ; 1.674      ;
; -0.239 ; lpm_counter:inst11|cntr_grj:auto_generated|counter_reg_bit[2] ; lpm_counter:inst11|cntr_grj:auto_generated|counter_reg_bit[2] ; clock3       ; clock3      ; 1.000        ; -0.073     ; 1.168      ;
; -0.230 ; lpm_counter:inst11|cntr_grj:auto_generated|counter_reg_bit[0] ; lpm_counter:inst11|cntr_grj:auto_generated|counter_reg_bit[0] ; clock3       ; clock3      ; 1.000        ; -0.073     ; 1.159      ;
; -0.229 ; lpm_counter:inst11|cntr_grj:auto_generated|counter_reg_bit[4] ; lpm_counter:inst11|cntr_grj:auto_generated|counter_reg_bit[4] ; clock3       ; clock3      ; 1.000        ; -0.073     ; 1.158      ;
; -0.221 ; lpm_counter:inst11|cntr_grj:auto_generated|counter_reg_bit[6] ; lpm_counter:inst11|cntr_grj:auto_generated|counter_reg_bit[6] ; clock3       ; clock3      ; 1.000        ; -0.073     ; 1.150      ;
; -0.218 ; lpm_counter:inst11|cntr_grj:auto_generated|counter_reg_bit[1] ; lpm_counter:inst11|cntr_grj:auto_generated|counter_reg_bit[1] ; clock3       ; clock3      ; 1.000        ; -0.073     ; 1.147      ;
; -0.206 ; lpm_counter:inst11|cntr_grj:auto_generated|counter_reg_bit[3] ; lpm_counter:inst11|cntr_grj:auto_generated|counter_reg_bit[3] ; clock3       ; clock3      ; 1.000        ; -0.073     ; 1.135      ;
; -0.205 ; lpm_counter:inst11|cntr_grj:auto_generated|counter_reg_bit[5] ; lpm_counter:inst11|cntr_grj:auto_generated|counter_reg_bit[5] ; clock3       ; clock3      ; 1.000        ; -0.073     ; 1.134      ;
; 0.105  ; lpm_counter:inst11|cntr_grj:auto_generated|counter_reg_bit[7] ; lpm_counter:inst11|cntr_grj:auto_generated|counter_reg_bit[7] ; clock3       ; clock3      ; 1.000        ; -0.073     ; 0.824      ;
+--------+---------------------------------------------------------------+---------------------------------------------------------------+--------------+-------------+--------------+------------+------------+


+------------------------------------------------------------------------------------------------------------------------------------+
; Slow 1200mV 0C Model Setup: 'inst1'                                                                                                ;
+--------+----------------------+----------------------+----------------------+-------------+--------------+------------+------------+
; Slack  ; From Node            ; To Node              ; Launch Clock         ; Latch Clock ; Relationship ; Clock Skew ; Data Delay ;
+--------+----------------------+----------------------+----------------------+-------------+--------------+------------+------------+
; -0.467 ; debounce:inst4|inst1 ; debounce:inst4|inst2 ; debounce:inst4|inst1 ; inst1       ; 0.500        ; 1.637      ; 2.846      ;
; -0.399 ; debounce:inst3|inst1 ; debounce:inst3|inst2 ; debounce:inst3|inst1 ; inst1       ; 0.500        ; 1.637      ; 2.778      ;
; -0.236 ; debounce:inst4|inst1 ; debounce:inst4|inst2 ; debounce:inst4|inst1 ; inst1       ; 1.000        ; 1.637      ; 3.115      ;
; -0.157 ; debounce:inst3|inst1 ; debounce:inst3|inst2 ; debounce:inst3|inst1 ; inst1       ; 1.000        ; 1.637      ; 3.036      ;
+--------+----------------------+----------------------+----------------------+-------------+--------------+------------+------------+


+---------------------------------------------------------------------------------------------------------------------------------------------+
; Slow 1200mV 0C Model Setup: 'debounce:inst4|inst1'                                                                                          ;
+--------+----------------------+----------------------+----------------------+----------------------+--------------+------------+------------+
; Slack  ; From Node            ; To Node              ; Launch Clock         ; Latch Clock          ; Relationship ; Clock Skew ; Data Delay ;
+--------+----------------------+----------------------+----------------------+----------------------+--------------+------------+------------+
; -0.219 ; contador:inst5|inst  ; contador:inst5|inst2 ; debounce:inst4|inst1 ; debounce:inst4|inst1 ; 1.000        ; -0.074     ; 1.147      ;
; -0.205 ; contador:inst5|inst1 ; contador:inst5|inst3 ; debounce:inst4|inst1 ; debounce:inst4|inst1 ; 1.000        ; -0.074     ; 1.133      ;
; -0.184 ; contador:inst5|inst2 ; contador:inst5|inst3 ; debounce:inst4|inst1 ; debounce:inst4|inst1 ; 1.000        ; -0.074     ; 1.112      ;
; 0.053  ; contador:inst5|inst  ; contador:inst5|inst1 ; debounce:inst4|inst1 ; debounce:inst4|inst1 ; 1.000        ; -0.074     ; 0.875      ;
; 0.055  ; contador:inst5|inst  ; contador:inst5|inst3 ; debounce:inst4|inst1 ; debounce:inst4|inst1 ; 1.000        ; -0.074     ; 0.873      ;
; 0.064  ; contador:inst5|inst1 ; contador:inst5|inst2 ; debounce:inst4|inst1 ; debounce:inst4|inst1 ; 1.000        ; -0.074     ; 0.864      ;
; 0.158  ; contador:inst5|inst  ; contador:inst5|inst  ; debounce:inst4|inst1 ; debounce:inst4|inst1 ; 1.000        ; -0.074     ; 0.770      ;
; 0.158  ; contador:inst5|inst2 ; contador:inst5|inst2 ; debounce:inst4|inst1 ; debounce:inst4|inst1 ; 1.000        ; -0.074     ; 0.770      ;
; 0.158  ; contador:inst5|inst3 ; contador:inst5|inst3 ; debounce:inst4|inst1 ; debounce:inst4|inst1 ; 1.000        ; -0.074     ; 0.770      ;
; 0.158  ; contador:inst5|inst1 ; contador:inst5|inst1 ; debounce:inst4|inst1 ; debounce:inst4|inst1 ; 1.000        ; -0.074     ; 0.770      ;
+--------+----------------------+----------------------+----------------------+----------------------+--------------+------------+------------+


+---------------------------------------------------------------------------------------------------------------------------------------------+
; Slow 1200mV 0C Model Setup: 'debounce:inst3|inst1'                                                                                          ;
+--------+----------------------+----------------------+----------------------+----------------------+--------------+------------+------------+
; Slack  ; From Node            ; To Node              ; Launch Clock         ; Latch Clock          ; Relationship ; Clock Skew ; Data Delay ;
+--------+----------------------+----------------------+----------------------+----------------------+--------------+------------+------------+
; -0.208 ; contador:inst7|inst1 ; contador:inst7|inst2 ; debounce:inst3|inst1 ; debounce:inst3|inst1 ; 1.000        ; -0.074     ; 1.136      ;
; -0.206 ; contador:inst7|inst1 ; contador:inst7|inst3 ; debounce:inst3|inst1 ; debounce:inst3|inst1 ; 1.000        ; -0.074     ; 1.134      ;
; -0.193 ; contador:inst7|inst  ; contador:inst7|inst3 ; debounce:inst3|inst1 ; debounce:inst3|inst1 ; 1.000        ; -0.074     ; 1.121      ;
; -0.101 ; contador:inst7|inst  ; contador:inst7|inst1 ; debounce:inst3|inst1 ; debounce:inst3|inst1 ; 1.000        ; -0.074     ; 1.029      ;
; -0.098 ; contador:inst7|inst  ; contador:inst7|inst2 ; debounce:inst3|inst1 ; debounce:inst3|inst1 ; 1.000        ; -0.074     ; 1.026      ;
; 0.090  ; contador:inst7|inst2 ; contador:inst7|inst3 ; debounce:inst3|inst1 ; debounce:inst3|inst1 ; 1.000        ; -0.074     ; 0.838      ;
; 0.158  ; contador:inst7|inst  ; contador:inst7|inst  ; debounce:inst3|inst1 ; debounce:inst3|inst1 ; 1.000        ; -0.074     ; 0.770      ;
; 0.158  ; contador:inst7|inst2 ; contador:inst7|inst2 ; debounce:inst3|inst1 ; debounce:inst3|inst1 ; 1.000        ; -0.074     ; 0.770      ;
; 0.158  ; contador:inst7|inst3 ; contador:inst7|inst3 ; debounce:inst3|inst1 ; debounce:inst3|inst1 ; 1.000        ; -0.074     ; 0.770      ;
; 0.158  ; contador:inst7|inst1 ; contador:inst7|inst1 ; debounce:inst3|inst1 ; debounce:inst3|inst1 ; 1.000        ; -0.074     ; 0.770      ;
+--------+----------------------+----------------------+----------------------+----------------------+--------------+------------+------------+


+---------------------------------------------------------------------------------------------------------------------------------------+
; Slow 1200mV 0C Model Setup: 'inst9'                                                                                                   ;
+-------+----------------------------+----------------------------+--------------+-------------+--------------+------------+------------+
; Slack ; From Node                  ; To Node                    ; Launch Clock ; Latch Clock ; Relationship ; Clock Skew ; Data Delay ;
+-------+----------------------------+----------------------------+--------------+-------------+--------------+------------+------------+
; 0.067 ; seven_segment:inst20|inst  ; seven_segment:inst20|inst1 ; inst9        ; inst9       ; 1.000        ; -0.073     ; 0.862      ;
; 0.159 ; seven_segment:inst20|inst  ; seven_segment:inst20|inst  ; inst9        ; inst9       ; 1.000        ; -0.073     ; 0.770      ;
; 0.159 ; seven_segment:inst20|inst1 ; seven_segment:inst20|inst1 ; inst9        ; inst9       ; 1.000        ; -0.073     ; 0.770      ;
+-------+----------------------------+----------------------------+--------------+-------------+--------------+------------+------------+


+--------------------------------------------------------------------------------------------------------------------------------------------+
; Slow 1200mV 0C Model Hold: 'debounce:inst3|inst1'                                                                                          ;
+-------+----------------------+----------------------+----------------------+----------------------+--------------+------------+------------+
; Slack ; From Node            ; To Node              ; Launch Clock         ; Latch Clock          ; Relationship ; Clock Skew ; Data Delay ;
+-------+----------------------+----------------------+----------------------+----------------------+--------------+------------+------------+
; 0.400 ; contador:inst7|inst3 ; contador:inst7|inst3 ; debounce:inst3|inst1 ; debounce:inst3|inst1 ; 0.000        ; 0.074      ; 0.669      ;
; 0.400 ; contador:inst7|inst2 ; contador:inst7|inst2 ; debounce:inst3|inst1 ; debounce:inst3|inst1 ; 0.000        ; 0.074      ; 0.669      ;
; 0.400 ; contador:inst7|inst1 ; contador:inst7|inst1 ; debounce:inst3|inst1 ; debounce:inst3|inst1 ; 0.000        ; 0.074      ; 0.669      ;
; 0.415 ; contador:inst7|inst  ; contador:inst7|inst  ; debounce:inst3|inst1 ; debounce:inst3|inst1 ; 0.000        ; 0.074      ; 0.684      ;
; 0.463 ; contador:inst7|inst2 ; contador:inst7|inst3 ; debounce:inst3|inst1 ; debounce:inst3|inst1 ; 0.000        ; 0.074      ; 0.732      ;
; 0.653 ; contador:inst7|inst  ; contador:inst7|inst2 ; debounce:inst3|inst1 ; debounce:inst3|inst1 ; 0.000        ; 0.074      ; 0.922      ;
; 0.657 ; contador:inst7|inst  ; contador:inst7|inst1 ; debounce:inst3|inst1 ; debounce:inst3|inst1 ; 0.000        ; 0.074      ; 0.926      ;
; 0.716 ; contador:inst7|inst  ; contador:inst7|inst3 ; debounce:inst3|inst1 ; debounce:inst3|inst1 ; 0.000        ; 0.074      ; 0.985      ;
; 0.725 ; contador:inst7|inst1 ; contador:inst7|inst3 ; debounce:inst3|inst1 ; debounce:inst3|inst1 ; 0.000        ; 0.074      ; 0.994      ;
; 0.727 ; contador:inst7|inst1 ; contador:inst7|inst2 ; debounce:inst3|inst1 ; debounce:inst3|inst1 ; 0.000        ; 0.074      ; 0.996      ;
+-------+----------------------+----------------------+----------------------+----------------------+--------------+------------+------------+


+--------------------------------------------------------------------------------------------------------------------------------------------+
; Slow 1200mV 0C Model Hold: 'debounce:inst4|inst1'                                                                                          ;
+-------+----------------------+----------------------+----------------------+----------------------+--------------+------------+------------+
; Slack ; From Node            ; To Node              ; Launch Clock         ; Latch Clock          ; Relationship ; Clock Skew ; Data Delay ;
+-------+----------------------+----------------------+----------------------+----------------------+--------------+------------+------------+
; 0.400 ; contador:inst5|inst1 ; contador:inst5|inst1 ; debounce:inst4|inst1 ; debounce:inst4|inst1 ; 0.000        ; 0.074      ; 0.669      ;
; 0.400 ; contador:inst5|inst2 ; contador:inst5|inst2 ; debounce:inst4|inst1 ; debounce:inst4|inst1 ; 0.000        ; 0.074      ; 0.669      ;
; 0.400 ; contador:inst5|inst3 ; contador:inst5|inst3 ; debounce:inst4|inst1 ; debounce:inst4|inst1 ; 0.000        ; 0.074      ; 0.669      ;
; 0.415 ; contador:inst5|inst  ; contador:inst5|inst  ; debounce:inst4|inst1 ; debounce:inst4|inst1 ; 0.000        ; 0.074      ; 0.684      ;
; 0.486 ; contador:inst5|inst1 ; contador:inst5|inst2 ; debounce:inst4|inst1 ; debounce:inst4|inst1 ; 0.000        ; 0.074      ; 0.755      ;
; 0.492 ; contador:inst5|inst  ; contador:inst5|inst3 ; debounce:inst4|inst1 ; debounce:inst4|inst1 ; 0.000        ; 0.074      ; 0.761      ;
; 0.494 ; contador:inst5|inst  ; contador:inst5|inst1 ; debounce:inst4|inst1 ; debounce:inst4|inst1 ; 0.000        ; 0.074      ; 0.763      ;
; 0.710 ; contador:inst5|inst2 ; contador:inst5|inst3 ; debounce:inst4|inst1 ; debounce:inst4|inst1 ; 0.000        ; 0.074      ; 0.979      ;
; 0.723 ; contador:inst5|inst1 ; contador:inst5|inst3 ; debounce:inst4|inst1 ; debounce:inst4|inst1 ; 0.000        ; 0.074      ; 0.992      ;
; 0.735 ; contador:inst5|inst  ; contador:inst5|inst2 ; debounce:inst4|inst1 ; debounce:inst4|inst1 ; 0.000        ; 0.074      ; 1.004      ;
+-------+----------------------+----------------------+----------------------+----------------------+--------------+------------+------------+


+---------------------------------------------------------------------------------------------------------------------------------------+
; Slow 1200mV 0C Model Hold: 'inst9'                                                                                                    ;
+-------+----------------------------+----------------------------+--------------+-------------+--------------+------------+------------+
; Slack ; From Node                  ; To Node                    ; Launch Clock ; Latch Clock ; Relationship ; Clock Skew ; Data Delay ;
+-------+----------------------------+----------------------------+--------------+-------------+--------------+------------+------------+
; 0.401 ; seven_segment:inst20|inst1 ; seven_segment:inst20|inst1 ; inst9        ; inst9       ; 0.000        ; 0.073      ; 0.669      ;
; 0.416 ; seven_segment:inst20|inst  ; seven_segment:inst20|inst  ; inst9        ; inst9       ; 0.000        ; 0.073      ; 0.684      ;
; 0.493 ; seven_segment:inst20|inst  ; seven_segment:inst20|inst1 ; inst9        ; inst9       ; 0.000        ; 0.073      ; 0.761      ;
+-------+----------------------------+----------------------------+--------------+-------------+--------------+------------+------------+


+-------------------------------------------------------------------------------------------------------------------------------------------------------------------------------------------------------------+
; Slow 1200mV 0C Model Hold: 'clock3'                                                                                                                                                                         ;
+-------+---------------------------------------------------------------+---------------------------------------------------------------+--------------+-------------+--------------+------------+------------+
; Slack ; From Node                                                     ; To Node                                                       ; Launch Clock ; Latch Clock ; Relationship ; Clock Skew ; Data Delay ;
+-------+---------------------------------------------------------------+---------------------------------------------------------------+--------------+-------------+--------------+------------+------------+
; 0.455 ; lpm_counter:inst11|cntr_grj:auto_generated|counter_reg_bit[7] ; lpm_counter:inst11|cntr_grj:auto_generated|counter_reg_bit[7] ; clock3       ; clock3      ; 0.000        ; 0.073      ; 0.723      ;
; 0.691 ; lpm_counter:inst11|cntr_grj:auto_generated|counter_reg_bit[5] ; lpm_counter:inst11|cntr_grj:auto_generated|counter_reg_bit[5] ; clock3       ; clock3      ; 0.000        ; 0.073      ; 0.959      ;
; 0.694 ; lpm_counter:inst11|cntr_grj:auto_generated|counter_reg_bit[3] ; lpm_counter:inst11|cntr_grj:auto_generated|counter_reg_bit[3] ; clock3       ; clock3      ; 0.000        ; 0.073      ; 0.962      ;
; 0.695 ; lpm_counter:inst11|cntr_grj:auto_generated|counter_reg_bit[4] ; lpm_counter:inst11|cntr_grj:auto_generated|counter_reg_bit[4] ; clock3       ; clock3      ; 0.000        ; 0.073      ; 0.963      ;
; 0.699 ; lpm_counter:inst11|cntr_grj:auto_generated|counter_reg_bit[6] ; lpm_counter:inst11|cntr_grj:auto_generated|counter_reg_bit[6] ; clock3       ; clock3      ; 0.000        ; 0.073      ; 0.967      ;
; 0.707 ; lpm_counter:inst11|cntr_grj:auto_generated|counter_reg_bit[2] ; lpm_counter:inst11|cntr_grj:auto_generated|counter_reg_bit[2] ; clock3       ; clock3      ; 0.000        ; 0.073      ; 0.975      ;
; 0.708 ; lpm_counter:inst11|cntr_grj:auto_generated|counter_reg_bit[1] ; lpm_counter:inst11|cntr_grj:auto_generated|counter_reg_bit[1] ; clock3       ; clock3      ; 0.000        ; 0.073      ; 0.976      ;
; 0.734 ; lpm_counter:inst11|cntr_grj:auto_generated|counter_reg_bit[0] ; lpm_counter:inst11|cntr_grj:auto_generated|counter_reg_bit[0] ; clock3       ; clock3      ; 0.000        ; 0.073      ; 1.002      ;
; 1.013 ; lpm_counter:inst11|cntr_grj:auto_generated|counter_reg_bit[5] ; lpm_counter:inst11|cntr_grj:auto_generated|counter_reg_bit[6] ; clock3       ; clock3      ; 0.000        ; 0.073      ; 1.281      ;
; 1.014 ; lpm_counter:inst11|cntr_grj:auto_generated|counter_reg_bit[4] ; lpm_counter:inst11|cntr_grj:auto_generated|counter_reg_bit[5] ; clock3       ; clock3      ; 0.000        ; 0.073      ; 1.282      ;
; 1.018 ; lpm_counter:inst11|cntr_grj:auto_generated|counter_reg_bit[6] ; lpm_counter:inst11|cntr_grj:auto_generated|counter_reg_bit[7] ; clock3       ; clock3      ; 0.000        ; 0.073      ; 1.286      ;
; 1.018 ; lpm_counter:inst11|cntr_grj:auto_generated|counter_reg_bit[3] ; lpm_counter:inst11|cntr_grj:auto_generated|counter_reg_bit[4] ; clock3       ; clock3      ; 0.000        ; 0.073      ; 1.286      ;
; 1.026 ; lpm_counter:inst11|cntr_grj:auto_generated|counter_reg_bit[2] ; lpm_counter:inst11|cntr_grj:auto_generated|counter_reg_bit[3] ; clock3       ; clock3      ; 0.000        ; 0.073      ; 1.294      ;
; 1.028 ; lpm_counter:inst11|cntr_grj:auto_generated|counter_reg_bit[0] ; lpm_counter:inst11|cntr_grj:auto_generated|counter_reg_bit[1] ; clock3       ; clock3      ; 0.000        ; 0.073      ; 1.296      ;
; 1.029 ; lpm_counter:inst11|cntr_grj:auto_generated|counter_reg_bit[4] ; lpm_counter:inst11|cntr_grj:auto_generated|counter_reg_bit[6] ; clock3       ; clock3      ; 0.000        ; 0.073      ; 1.297      ;
; 1.032 ; lpm_counter:inst11|cntr_grj:auto_generated|counter_reg_bit[1] ; lpm_counter:inst11|cntr_grj:auto_generated|counter_reg_bit[2] ; clock3       ; clock3      ; 0.000        ; 0.073      ; 1.300      ;
; 1.041 ; lpm_counter:inst11|cntr_grj:auto_generated|counter_reg_bit[2] ; lpm_counter:inst11|cntr_grj:auto_generated|counter_reg_bit[4] ; clock3       ; clock3      ; 0.000        ; 0.073      ; 1.309      ;
; 1.044 ; lpm_counter:inst11|cntr_grj:auto_generated|counter_reg_bit[0] ; lpm_counter:inst11|cntr_grj:auto_generated|counter_reg_bit[2] ; clock3       ; clock3      ; 0.000        ; 0.073      ; 1.312      ;
; 1.109 ; lpm_counter:inst11|cntr_grj:auto_generated|counter_reg_bit[5] ; lpm_counter:inst11|cntr_grj:auto_generated|counter_reg_bit[7] ; clock3       ; clock3      ; 0.000        ; 0.073      ; 1.377      ;
; 1.115 ; lpm_counter:inst11|cntr_grj:auto_generated|counter_reg_bit[3] ; lpm_counter:inst11|cntr_grj:auto_generated|counter_reg_bit[5] ; clock3       ; clock3      ; 0.000        ; 0.073      ; 1.383      ;
; 1.126 ; lpm_counter:inst11|cntr_grj:auto_generated|counter_reg_bit[1] ; lpm_counter:inst11|cntr_grj:auto_generated|counter_reg_bit[3] ; clock3       ; clock3      ; 0.000        ; 0.073      ; 1.394      ;
; 1.136 ; lpm_counter:inst11|cntr_grj:auto_generated|counter_reg_bit[4] ; lpm_counter:inst11|cntr_grj:auto_generated|counter_reg_bit[7] ; clock3       ; clock3      ; 0.000        ; 0.073      ; 1.404      ;
; 1.140 ; lpm_counter:inst11|cntr_grj:auto_generated|counter_reg_bit[3] ; lpm_counter:inst11|cntr_grj:auto_generated|counter_reg_bit[6] ; clock3       ; clock3      ; 0.000        ; 0.073      ; 1.408      ;
; 1.148 ; lpm_counter:inst11|cntr_grj:auto_generated|counter_reg_bit[2] ; lpm_counter:inst11|cntr_grj:auto_generated|counter_reg_bit[5] ; clock3       ; clock3      ; 0.000        ; 0.073      ; 1.416      ;
; 1.150 ; lpm_counter:inst11|cntr_grj:auto_generated|counter_reg_bit[0] ; lpm_counter:inst11|cntr_grj:auto_generated|counter_reg_bit[3] ; clock3       ; clock3      ; 0.000        ; 0.073      ; 1.418      ;
; 1.154 ; lpm_counter:inst11|cntr_grj:auto_generated|counter_reg_bit[1] ; lpm_counter:inst11|cntr_grj:auto_generated|counter_reg_bit[4] ; clock3       ; clock3      ; 0.000        ; 0.073      ; 1.422      ;
; 1.163 ; lpm_counter:inst11|cntr_grj:auto_generated|counter_reg_bit[2] ; lpm_counter:inst11|cntr_grj:auto_generated|counter_reg_bit[6] ; clock3       ; clock3      ; 0.000        ; 0.073      ; 1.431      ;
; 1.166 ; lpm_counter:inst11|cntr_grj:auto_generated|counter_reg_bit[0] ; lpm_counter:inst11|cntr_grj:auto_generated|counter_reg_bit[4] ; clock3       ; clock3      ; 0.000        ; 0.073      ; 1.434      ;
; 1.237 ; lpm_counter:inst11|cntr_grj:auto_generated|counter_reg_bit[3] ; lpm_counter:inst11|cntr_grj:auto_generated|counter_reg_bit[7] ; clock3       ; clock3      ; 0.000        ; 0.073      ; 1.505      ;
; 1.248 ; lpm_counter:inst11|cntr_grj:auto_generated|counter_reg_bit[1] ; lpm_counter:inst11|cntr_grj:auto_generated|counter_reg_bit[5] ; clock3       ; clock3      ; 0.000        ; 0.073      ; 1.516      ;
; 1.270 ; lpm_counter:inst11|cntr_grj:auto_generated|counter_reg_bit[2] ; lpm_counter:inst11|cntr_grj:auto_generated|counter_reg_bit[7] ; clock3       ; clock3      ; 0.000        ; 0.073      ; 1.538      ;
; 1.272 ; lpm_counter:inst11|cntr_grj:auto_generated|counter_reg_bit[0] ; lpm_counter:inst11|cntr_grj:auto_generated|counter_reg_bit[5] ; clock3       ; clock3      ; 0.000        ; 0.073      ; 1.540      ;
; 1.276 ; lpm_counter:inst11|cntr_grj:auto_generated|counter_reg_bit[1] ; lpm_counter:inst11|cntr_grj:auto_generated|counter_reg_bit[6] ; clock3       ; clock3      ; 0.000        ; 0.073      ; 1.544      ;
; 1.288 ; lpm_counter:inst11|cntr_grj:auto_generated|counter_reg_bit[0] ; lpm_counter:inst11|cntr_grj:auto_generated|counter_reg_bit[6] ; clock3       ; clock3      ; 0.000        ; 0.073      ; 1.556      ;
; 1.370 ; lpm_counter:inst11|cntr_grj:auto_generated|counter_reg_bit[1] ; lpm_counter:inst11|cntr_grj:auto_generated|counter_reg_bit[7] ; clock3       ; clock3      ; 0.000        ; 0.073      ; 1.638      ;
; 1.394 ; lpm_counter:inst11|cntr_grj:auto_generated|counter_reg_bit[0] ; lpm_counter:inst11|cntr_grj:auto_generated|counter_reg_bit[7] ; clock3       ; clock3      ; 0.000        ; 0.073      ; 1.662      ;
+-------+---------------------------------------------------------------+---------------------------------------------------------------+--------------+-------------+--------------+------------+------------+


+-------------------------------------------------------------------------------------------------------------------------------------------------------------------------------------------------------------+
; Slow 1200mV 0C Model Hold: 'clock'                                                                                                                                                                          ;
+-------+---------------------------------------------------------------+---------------------------------------------------------------+--------------+-------------+--------------+------------+------------+
; Slack ; From Node                                                     ; To Node                                                       ; Launch Clock ; Latch Clock ; Relationship ; Clock Skew ; Data Delay ;
+-------+---------------------------------------------------------------+---------------------------------------------------------------+--------------+-------------+--------------+------------+------------+
; 0.688 ; lpm_counter:inst|cntr_tmj:auto_generated|counter_reg_bit[9]   ; lpm_counter:inst|cntr_tmj:auto_generated|counter_reg_bit[9]   ; clock        ; clock       ; 0.000        ; 0.073      ; 0.956      ;
; 0.688 ; lpm_counter:inst|cntr_tmj:auto_generated|counter_reg_bit[13]  ; lpm_counter:inst|cntr_tmj:auto_generated|counter_reg_bit[13]  ; clock        ; clock       ; 0.000        ; 0.073      ; 0.956      ;
; 0.689 ; lpm_counter:inst|cntr_tmj:auto_generated|counter_reg_bit[7]   ; lpm_counter:inst|cntr_tmj:auto_generated|counter_reg_bit[7]   ; clock        ; clock       ; 0.000        ; 0.073      ; 0.957      ;
; 0.690 ; lpm_counter:inst|cntr_tmj:auto_generated|counter_reg_bit[5]   ; lpm_counter:inst|cntr_tmj:auto_generated|counter_reg_bit[5]   ; clock        ; clock       ; 0.000        ; 0.073      ; 0.958      ;
; 0.690 ; lpm_counter:inst8|cntr_ojj:auto_generated|counter_reg_bit[5]  ; lpm_counter:inst8|cntr_ojj:auto_generated|counter_reg_bit[5]  ; clock        ; clock       ; 0.000        ; 0.072      ; 0.957      ;
; 0.691 ; lpm_counter:inst|cntr_tmj:auto_generated|counter_reg_bit[11]  ; lpm_counter:inst|cntr_tmj:auto_generated|counter_reg_bit[11]  ; clock        ; clock       ; 0.000        ; 0.073      ; 0.959      ;
; 0.691 ; lpm_counter:inst|cntr_tmj:auto_generated|counter_reg_bit[15]  ; lpm_counter:inst|cntr_tmj:auto_generated|counter_reg_bit[15]  ; clock        ; clock       ; 0.000        ; 0.073      ; 0.959      ;
; 0.691 ; lpm_counter:inst8|cntr_ojj:auto_generated|counter_reg_bit[1]  ; lpm_counter:inst8|cntr_ojj:auto_generated|counter_reg_bit[1]  ; clock        ; clock       ; 0.000        ; 0.072      ; 0.958      ;
; 0.691 ; lpm_counter:inst8|cntr_ojj:auto_generated|counter_reg_bit[3]  ; lpm_counter:inst8|cntr_ojj:auto_generated|counter_reg_bit[3]  ; clock        ; clock       ; 0.000        ; 0.072      ; 0.958      ;
; 0.693 ; lpm_counter:inst|cntr_tmj:auto_generated|counter_reg_bit[1]   ; lpm_counter:inst|cntr_tmj:auto_generated|counter_reg_bit[1]   ; clock        ; clock       ; 0.000        ; 0.073      ; 0.961      ;
; 0.694 ; lpm_counter:inst|cntr_tmj:auto_generated|counter_reg_bit[6]   ; lpm_counter:inst|cntr_tmj:auto_generated|counter_reg_bit[6]   ; clock        ; clock       ; 0.000        ; 0.073      ; 0.962      ;
; 0.694 ; lpm_counter:inst|cntr_tmj:auto_generated|counter_reg_bit[8]   ; lpm_counter:inst|cntr_tmj:auto_generated|counter_reg_bit[8]   ; clock        ; clock       ; 0.000        ; 0.073      ; 0.962      ;
; 0.694 ; lpm_counter:inst|cntr_tmj:auto_generated|counter_reg_bit[17]  ; lpm_counter:inst|cntr_tmj:auto_generated|counter_reg_bit[17]  ; clock        ; clock       ; 0.000        ; 0.073      ; 0.962      ;
; 0.694 ; lpm_counter:inst8|cntr_ojj:auto_generated|counter_reg_bit[6]  ; lpm_counter:inst8|cntr_ojj:auto_generated|counter_reg_bit[6]  ; clock        ; clock       ; 0.000        ; 0.072      ; 0.961      ;
; 0.694 ; lpm_counter:inst8|cntr_ojj:auto_generated|counter_reg_bit[7]  ; lpm_counter:inst8|cntr_ojj:auto_generated|counter_reg_bit[7]  ; clock        ; clock       ; 0.000        ; 0.072      ; 0.961      ;
; 0.695 ; lpm_counter:inst|cntr_tmj:auto_generated|counter_reg_bit[14]  ; lpm_counter:inst|cntr_tmj:auto_generated|counter_reg_bit[14]  ; clock        ; clock       ; 0.000        ; 0.073      ; 0.963      ;
; 0.695 ; lpm_counter:inst8|cntr_ojj:auto_generated|counter_reg_bit[2]  ; lpm_counter:inst8|cntr_ojj:auto_generated|counter_reg_bit[2]  ; clock        ; clock       ; 0.000        ; 0.072      ; 0.962      ;
; 0.696 ; lpm_counter:inst|cntr_tmj:auto_generated|counter_reg_bit[4]   ; lpm_counter:inst|cntr_tmj:auto_generated|counter_reg_bit[4]   ; clock        ; clock       ; 0.000        ; 0.073      ; 0.964      ;
; 0.696 ; lpm_counter:inst8|cntr_ojj:auto_generated|counter_reg_bit[4]  ; lpm_counter:inst8|cntr_ojj:auto_generated|counter_reg_bit[4]  ; clock        ; clock       ; 0.000        ; 0.072      ; 0.963      ;
; 0.697 ; lpm_counter:inst|cntr_tmj:auto_generated|counter_reg_bit[18]  ; lpm_counter:inst|cntr_tmj:auto_generated|counter_reg_bit[18]  ; clock        ; clock       ; 0.000        ; 0.073      ; 0.965      ;
; 0.697 ; lpm_counter:inst|cntr_tmj:auto_generated|counter_reg_bit[2]   ; lpm_counter:inst|cntr_tmj:auto_generated|counter_reg_bit[2]   ; clock        ; clock       ; 0.000        ; 0.073      ; 0.965      ;
; 0.705 ; lpm_counter:inst8|cntr_ojj:auto_generated|counter_reg_bit[11] ; lpm_counter:inst8|cntr_ojj:auto_generated|counter_reg_bit[11] ; clock        ; clock       ; 0.000        ; 0.072      ; 0.972      ;
; 0.707 ; lpm_counter:inst|cntr_tmj:auto_generated|counter_reg_bit[3]   ; lpm_counter:inst|cntr_tmj:auto_generated|counter_reg_bit[3]   ; clock        ; clock       ; 0.000        ; 0.073      ; 0.975      ;
; 0.708 ; lpm_counter:inst|cntr_tmj:auto_generated|counter_reg_bit[10]  ; lpm_counter:inst|cntr_tmj:auto_generated|counter_reg_bit[10]  ; clock        ; clock       ; 0.000        ; 0.073      ; 0.976      ;
; 0.708 ; lpm_counter:inst8|cntr_ojj:auto_generated|counter_reg_bit[9]  ; lpm_counter:inst8|cntr_ojj:auto_generated|counter_reg_bit[9]  ; clock        ; clock       ; 0.000        ; 0.072      ; 0.975      ;
; 0.709 ; lpm_counter:inst|cntr_tmj:auto_generated|counter_reg_bit[12]  ; lpm_counter:inst|cntr_tmj:auto_generated|counter_reg_bit[12]  ; clock        ; clock       ; 0.000        ; 0.073      ; 0.977      ;
; 0.711 ; lpm_counter:inst8|cntr_ojj:auto_generated|counter_reg_bit[8]  ; lpm_counter:inst8|cntr_ojj:auto_generated|counter_reg_bit[8]  ; clock        ; clock       ; 0.000        ; 0.072      ; 0.978      ;
; 0.711 ; lpm_counter:inst8|cntr_ojj:auto_generated|counter_reg_bit[10] ; lpm_counter:inst8|cntr_ojj:auto_generated|counter_reg_bit[10] ; clock        ; clock       ; 0.000        ; 0.072      ; 0.978      ;
; 0.714 ; lpm_counter:inst|cntr_tmj:auto_generated|counter_reg_bit[0]   ; lpm_counter:inst|cntr_tmj:auto_generated|counter_reg_bit[0]   ; clock        ; clock       ; 0.000        ; 0.073      ; 0.982      ;
; 0.719 ; lpm_counter:inst8|cntr_ojj:auto_generated|counter_reg_bit[0]  ; lpm_counter:inst8|cntr_ojj:auto_generated|counter_reg_bit[0]  ; clock        ; clock       ; 0.000        ; 0.072      ; 0.986      ;
; 0.865 ; lpm_counter:inst|cntr_tmj:auto_generated|counter_reg_bit[16]  ; lpm_counter:inst|cntr_tmj:auto_generated|counter_reg_bit[16]  ; clock        ; clock       ; 0.000        ; 0.073      ; 1.133      ;
; 0.923 ; inst1                                                         ; inst1                                                         ; inst1        ; clock       ; 0.000        ; 2.405      ; 3.793      ;
; 1.010 ; lpm_counter:inst|cntr_tmj:auto_generated|counter_reg_bit[13]  ; lpm_counter:inst|cntr_tmj:auto_generated|counter_reg_bit[14]  ; clock        ; clock       ; 0.000        ; 0.073      ; 1.278      ;
; 1.011 ; lpm_counter:inst|cntr_tmj:auto_generated|counter_reg_bit[7]   ; lpm_counter:inst|cntr_tmj:auto_generated|counter_reg_bit[8]   ; clock        ; clock       ; 0.000        ; 0.073      ; 1.279      ;
; 1.011 ; lpm_counter:inst|cntr_tmj:auto_generated|counter_reg_bit[9]   ; lpm_counter:inst|cntr_tmj:auto_generated|counter_reg_bit[10]  ; clock        ; clock       ; 0.000        ; 0.072      ; 1.278      ;
; 1.012 ; lpm_counter:inst|cntr_tmj:auto_generated|counter_reg_bit[5]   ; lpm_counter:inst|cntr_tmj:auto_generated|counter_reg_bit[6]   ; clock        ; clock       ; 0.000        ; 0.073      ; 1.280      ;
; 1.012 ; lpm_counter:inst8|cntr_ojj:auto_generated|counter_reg_bit[5]  ; lpm_counter:inst8|cntr_ojj:auto_generated|counter_reg_bit[6]  ; clock        ; clock       ; 0.000        ; 0.072      ; 1.279      ;
; 1.012 ; lpm_counter:inst|cntr_tmj:auto_generated|counter_reg_bit[0]   ; lpm_counter:inst|cntr_tmj:auto_generated|counter_reg_bit[1]   ; clock        ; clock       ; 0.000        ; 0.073      ; 1.280      ;
; 1.013 ; lpm_counter:inst|cntr_tmj:auto_generated|counter_reg_bit[6]   ; lpm_counter:inst|cntr_tmj:auto_generated|counter_reg_bit[7]   ; clock        ; clock       ; 0.000        ; 0.073      ; 1.281      ;
; 1.013 ; lpm_counter:inst8|cntr_ojj:auto_generated|counter_reg_bit[3]  ; lpm_counter:inst8|cntr_ojj:auto_generated|counter_reg_bit[4]  ; clock        ; clock       ; 0.000        ; 0.072      ; 1.280      ;
; 1.013 ; lpm_counter:inst|cntr_tmj:auto_generated|counter_reg_bit[8]   ; lpm_counter:inst|cntr_tmj:auto_generated|counter_reg_bit[9]   ; clock        ; clock       ; 0.000        ; 0.073      ; 1.281      ;
; 1.013 ; lpm_counter:inst8|cntr_ojj:auto_generated|counter_reg_bit[6]  ; lpm_counter:inst8|cntr_ojj:auto_generated|counter_reg_bit[7]  ; clock        ; clock       ; 0.000        ; 0.072      ; 1.280      ;
; 1.013 ; lpm_counter:inst|cntr_tmj:auto_generated|counter_reg_bit[15]  ; lpm_counter:inst|cntr_tmj:auto_generated|counter_reg_bit[16]  ; clock        ; clock       ; 0.000        ; 0.073      ; 1.281      ;
; 1.014 ; lpm_counter:inst8|cntr_ojj:auto_generated|counter_reg_bit[2]  ; lpm_counter:inst8|cntr_ojj:auto_generated|counter_reg_bit[3]  ; clock        ; clock       ; 0.000        ; 0.072      ; 1.281      ;
; 1.014 ; lpm_counter:inst|cntr_tmj:auto_generated|counter_reg_bit[14]  ; lpm_counter:inst|cntr_tmj:auto_generated|counter_reg_bit[15]  ; clock        ; clock       ; 0.000        ; 0.073      ; 1.282      ;
; 1.014 ; lpm_counter:inst8|cntr_ojj:auto_generated|counter_reg_bit[0]  ; lpm_counter:inst8|cntr_ojj:auto_generated|counter_reg_bit[1]  ; clock        ; clock       ; 0.000        ; 0.072      ; 1.281      ;
; 1.015 ; lpm_counter:inst8|cntr_ojj:auto_generated|counter_reg_bit[1]  ; lpm_counter:inst8|cntr_ojj:auto_generated|counter_reg_bit[2]  ; clock        ; clock       ; 0.000        ; 0.072      ; 1.282      ;
; 1.015 ; lpm_counter:inst|cntr_tmj:auto_generated|counter_reg_bit[11]  ; lpm_counter:inst|cntr_tmj:auto_generated|counter_reg_bit[12]  ; clock        ; clock       ; 0.000        ; 0.073      ; 1.283      ;
; 1.015 ; lpm_counter:inst|cntr_tmj:auto_generated|counter_reg_bit[4]   ; lpm_counter:inst|cntr_tmj:auto_generated|counter_reg_bit[5]   ; clock        ; clock       ; 0.000        ; 0.073      ; 1.283      ;
; 1.015 ; lpm_counter:inst8|cntr_ojj:auto_generated|counter_reg_bit[4]  ; lpm_counter:inst8|cntr_ojj:auto_generated|counter_reg_bit[5]  ; clock        ; clock       ; 0.000        ; 0.072      ; 1.282      ;
; 1.016 ; lpm_counter:inst|cntr_tmj:auto_generated|counter_reg_bit[2]   ; lpm_counter:inst|cntr_tmj:auto_generated|counter_reg_bit[3]   ; clock        ; clock       ; 0.000        ; 0.073      ; 1.284      ;
; 1.017 ; lpm_counter:inst|cntr_tmj:auto_generated|counter_reg_bit[1]   ; lpm_counter:inst|cntr_tmj:auto_generated|counter_reg_bit[2]   ; clock        ; clock       ; 0.000        ; 0.073      ; 1.285      ;
; 1.018 ; lpm_counter:inst|cntr_tmj:auto_generated|counter_reg_bit[17]  ; lpm_counter:inst|cntr_tmj:auto_generated|counter_reg_bit[18]  ; clock        ; clock       ; 0.000        ; 0.073      ; 1.286      ;
; 1.018 ; lpm_counter:inst8|cntr_ojj:auto_generated|counter_reg_bit[7]  ; lpm_counter:inst8|cntr_ojj:auto_generated|counter_reg_bit[8]  ; clock        ; clock       ; 0.000        ; 0.072      ; 1.285      ;
; 1.026 ; lpm_counter:inst|cntr_tmj:auto_generated|counter_reg_bit[12]  ; lpm_counter:inst|cntr_tmj:auto_generated|counter_reg_bit[13]  ; clock        ; clock       ; 0.000        ; 0.073      ; 1.294      ;
; 1.026 ; lpm_counter:inst|cntr_tmj:auto_generated|counter_reg_bit[10]  ; lpm_counter:inst|cntr_tmj:auto_generated|counter_reg_bit[11]  ; clock        ; clock       ; 0.000        ; 0.073      ; 1.294      ;
; 1.027 ; lpm_counter:inst|cntr_tmj:auto_generated|counter_reg_bit[0]   ; lpm_counter:inst|cntr_tmj:auto_generated|counter_reg_bit[2]   ; clock        ; clock       ; 0.000        ; 0.073      ; 1.295      ;
; 1.028 ; lpm_counter:inst8|cntr_ojj:auto_generated|counter_reg_bit[10] ; lpm_counter:inst8|cntr_ojj:auto_generated|counter_reg_bit[11] ; clock        ; clock       ; 0.000        ; 0.072      ; 1.295      ;
; 1.028 ; lpm_counter:inst|cntr_tmj:auto_generated|counter_reg_bit[6]   ; lpm_counter:inst|cntr_tmj:auto_generated|counter_reg_bit[8]   ; clock        ; clock       ; 0.000        ; 0.073      ; 1.296      ;
; 1.028 ; lpm_counter:inst8|cntr_ojj:auto_generated|counter_reg_bit[6]  ; lpm_counter:inst8|cntr_ojj:auto_generated|counter_reg_bit[8]  ; clock        ; clock       ; 0.000        ; 0.072      ; 1.295      ;
; 1.029 ; lpm_counter:inst8|cntr_ojj:auto_generated|counter_reg_bit[8]  ; lpm_counter:inst8|cntr_ojj:auto_generated|counter_reg_bit[9]  ; clock        ; clock       ; 0.000        ; 0.072      ; 1.296      ;
; 1.029 ; lpm_counter:inst|cntr_tmj:auto_generated|counter_reg_bit[8]   ; lpm_counter:inst|cntr_tmj:auto_generated|counter_reg_bit[10]  ; clock        ; clock       ; 0.000        ; 0.072      ; 1.296      ;
; 1.029 ; lpm_counter:inst8|cntr_ojj:auto_generated|counter_reg_bit[2]  ; lpm_counter:inst8|cntr_ojj:auto_generated|counter_reg_bit[4]  ; clock        ; clock       ; 0.000        ; 0.072      ; 1.296      ;
; 1.029 ; lpm_counter:inst|cntr_tmj:auto_generated|counter_reg_bit[14]  ; lpm_counter:inst|cntr_tmj:auto_generated|counter_reg_bit[16]  ; clock        ; clock       ; 0.000        ; 0.073      ; 1.297      ;
; 1.029 ; lpm_counter:inst8|cntr_ojj:auto_generated|counter_reg_bit[0]  ; lpm_counter:inst8|cntr_ojj:auto_generated|counter_reg_bit[2]  ; clock        ; clock       ; 0.000        ; 0.072      ; 1.296      ;
; 1.030 ; lpm_counter:inst|cntr_tmj:auto_generated|counter_reg_bit[4]   ; lpm_counter:inst|cntr_tmj:auto_generated|counter_reg_bit[6]   ; clock        ; clock       ; 0.000        ; 0.073      ; 1.298      ;
; 1.030 ; lpm_counter:inst8|cntr_ojj:auto_generated|counter_reg_bit[4]  ; lpm_counter:inst8|cntr_ojj:auto_generated|counter_reg_bit[6]  ; clock        ; clock       ; 0.000        ; 0.072      ; 1.297      ;
; 1.031 ; lpm_counter:inst|cntr_tmj:auto_generated|counter_reg_bit[3]   ; lpm_counter:inst|cntr_tmj:auto_generated|counter_reg_bit[4]   ; clock        ; clock       ; 0.000        ; 0.073      ; 1.299      ;
; 1.031 ; lpm_counter:inst|cntr_tmj:auto_generated|counter_reg_bit[2]   ; lpm_counter:inst|cntr_tmj:auto_generated|counter_reg_bit[4]   ; clock        ; clock       ; 0.000        ; 0.073      ; 1.299      ;
; 1.032 ; lpm_counter:inst8|cntr_ojj:auto_generated|counter_reg_bit[9]  ; lpm_counter:inst8|cntr_ojj:auto_generated|counter_reg_bit[10] ; clock        ; clock       ; 0.000        ; 0.072      ; 1.299      ;
; 1.042 ; lpm_counter:inst|cntr_tmj:auto_generated|counter_reg_bit[10]  ; lpm_counter:inst|cntr_tmj:auto_generated|counter_reg_bit[12]  ; clock        ; clock       ; 0.000        ; 0.073      ; 1.310      ;
; 1.043 ; lpm_counter:inst|cntr_tmj:auto_generated|counter_reg_bit[12]  ; lpm_counter:inst|cntr_tmj:auto_generated|counter_reg_bit[14]  ; clock        ; clock       ; 0.000        ; 0.073      ; 1.311      ;
; 1.045 ; lpm_counter:inst8|cntr_ojj:auto_generated|counter_reg_bit[8]  ; lpm_counter:inst8|cntr_ojj:auto_generated|counter_reg_bit[10] ; clock        ; clock       ; 0.000        ; 0.072      ; 1.312      ;
; 1.105 ; lpm_counter:inst|cntr_tmj:auto_generated|counter_reg_bit[13]  ; lpm_counter:inst|cntr_tmj:auto_generated|counter_reg_bit[15]  ; clock        ; clock       ; 0.000        ; 0.073      ; 1.373      ;
; 1.106 ; lpm_counter:inst|cntr_tmj:auto_generated|counter_reg_bit[9]   ; lpm_counter:inst|cntr_tmj:auto_generated|counter_reg_bit[11]  ; clock        ; clock       ; 0.000        ; 0.072      ; 1.373      ;
; 1.107 ; lpm_counter:inst|cntr_tmj:auto_generated|counter_reg_bit[7]   ; lpm_counter:inst|cntr_tmj:auto_generated|counter_reg_bit[9]   ; clock        ; clock       ; 0.000        ; 0.073      ; 1.375      ;
; 1.107 ; lpm_counter:inst8|cntr_ojj:auto_generated|counter_reg_bit[5]  ; lpm_counter:inst8|cntr_ojj:auto_generated|counter_reg_bit[7]  ; clock        ; clock       ; 0.000        ; 0.072      ; 1.374      ;
; 1.108 ; inst9                                                         ; inst9                                                         ; inst9        ; clock       ; 0.000        ; 2.384      ; 3.957      ;
; 1.109 ; lpm_counter:inst|cntr_tmj:auto_generated|counter_reg_bit[15]  ; lpm_counter:inst|cntr_tmj:auto_generated|counter_reg_bit[17]  ; clock        ; clock       ; 0.000        ; 0.073      ; 1.377      ;
; 1.109 ; lpm_counter:inst|cntr_tmj:auto_generated|counter_reg_bit[5]   ; lpm_counter:inst|cntr_tmj:auto_generated|counter_reg_bit[7]   ; clock        ; clock       ; 0.000        ; 0.073      ; 1.377      ;
; 1.109 ; lpm_counter:inst8|cntr_ojj:auto_generated|counter_reg_bit[3]  ; lpm_counter:inst8|cntr_ojj:auto_generated|counter_reg_bit[5]  ; clock        ; clock       ; 0.000        ; 0.072      ; 1.376      ;
; 1.111 ; lpm_counter:inst8|cntr_ojj:auto_generated|counter_reg_bit[1]  ; lpm_counter:inst8|cntr_ojj:auto_generated|counter_reg_bit[3]  ; clock        ; clock       ; 0.000        ; 0.072      ; 1.378      ;
; 1.112 ; lpm_counter:inst|cntr_tmj:auto_generated|counter_reg_bit[11]  ; lpm_counter:inst|cntr_tmj:auto_generated|counter_reg_bit[13]  ; clock        ; clock       ; 0.000        ; 0.073      ; 1.380      ;
; 1.114 ; lpm_counter:inst|cntr_tmj:auto_generated|counter_reg_bit[1]   ; lpm_counter:inst|cntr_tmj:auto_generated|counter_reg_bit[3]   ; clock        ; clock       ; 0.000        ; 0.073      ; 1.382      ;
; 1.115 ; lpm_counter:inst8|cntr_ojj:auto_generated|counter_reg_bit[7]  ; lpm_counter:inst8|cntr_ojj:auto_generated|counter_reg_bit[9]  ; clock        ; clock       ; 0.000        ; 0.072      ; 1.382      ;
; 1.125 ; lpm_counter:inst|cntr_tmj:auto_generated|counter_reg_bit[3]   ; lpm_counter:inst|cntr_tmj:auto_generated|counter_reg_bit[5]   ; clock        ; clock       ; 0.000        ; 0.073      ; 1.393      ;
; 1.126 ; lpm_counter:inst8|cntr_ojj:auto_generated|counter_reg_bit[9]  ; lpm_counter:inst8|cntr_ojj:auto_generated|counter_reg_bit[11] ; clock        ; clock       ; 0.000        ; 0.072      ; 1.393      ;
; 1.132 ; lpm_counter:inst|cntr_tmj:auto_generated|counter_reg_bit[13]  ; lpm_counter:inst|cntr_tmj:auto_generated|counter_reg_bit[16]  ; clock        ; clock       ; 0.000        ; 0.073      ; 1.400      ;
; 1.133 ; lpm_counter:inst|cntr_tmj:auto_generated|counter_reg_bit[9]   ; lpm_counter:inst|cntr_tmj:auto_generated|counter_reg_bit[12]  ; clock        ; clock       ; 0.000        ; 0.072      ; 1.400      ;
; 1.134 ; lpm_counter:inst|cntr_tmj:auto_generated|counter_reg_bit[5]   ; lpm_counter:inst|cntr_tmj:auto_generated|counter_reg_bit[8]   ; clock        ; clock       ; 0.000        ; 0.073      ; 1.402      ;
; 1.134 ; lpm_counter:inst8|cntr_ojj:auto_generated|counter_reg_bit[5]  ; lpm_counter:inst8|cntr_ojj:auto_generated|counter_reg_bit[8]  ; clock        ; clock       ; 0.000        ; 0.072      ; 1.401      ;
; 1.134 ; lpm_counter:inst|cntr_tmj:auto_generated|counter_reg_bit[7]   ; lpm_counter:inst|cntr_tmj:auto_generated|counter_reg_bit[10]  ; clock        ; clock       ; 0.000        ; 0.072      ; 1.401      ;
; 1.134 ; lpm_counter:inst|cntr_tmj:auto_generated|counter_reg_bit[0]   ; lpm_counter:inst|cntr_tmj:auto_generated|counter_reg_bit[3]   ; clock        ; clock       ; 0.000        ; 0.073      ; 1.402      ;
; 1.135 ; lpm_counter:inst|cntr_tmj:auto_generated|counter_reg_bit[15]  ; lpm_counter:inst|cntr_tmj:auto_generated|counter_reg_bit[18]  ; clock        ; clock       ; 0.000        ; 0.073      ; 1.403      ;
; 1.135 ; lpm_counter:inst8|cntr_ojj:auto_generated|counter_reg_bit[3]  ; lpm_counter:inst8|cntr_ojj:auto_generated|counter_reg_bit[6]  ; clock        ; clock       ; 0.000        ; 0.072      ; 1.402      ;
; 1.135 ; lpm_counter:inst|cntr_tmj:auto_generated|counter_reg_bit[6]   ; lpm_counter:inst|cntr_tmj:auto_generated|counter_reg_bit[9]   ; clock        ; clock       ; 0.000        ; 0.073      ; 1.403      ;
; 1.135 ; lpm_counter:inst8|cntr_ojj:auto_generated|counter_reg_bit[6]  ; lpm_counter:inst8|cntr_ojj:auto_generated|counter_reg_bit[9]  ; clock        ; clock       ; 0.000        ; 0.072      ; 1.402      ;
; 1.136 ; lpm_counter:inst8|cntr_ojj:auto_generated|counter_reg_bit[2]  ; lpm_counter:inst8|cntr_ojj:auto_generated|counter_reg_bit[5]  ; clock        ; clock       ; 0.000        ; 0.072      ; 1.403      ;
; 1.136 ; lpm_counter:inst|cntr_tmj:auto_generated|counter_reg_bit[8]   ; lpm_counter:inst|cntr_tmj:auto_generated|counter_reg_bit[11]  ; clock        ; clock       ; 0.000        ; 0.072      ; 1.403      ;
; 1.136 ; lpm_counter:inst|cntr_tmj:auto_generated|counter_reg_bit[14]  ; lpm_counter:inst|cntr_tmj:auto_generated|counter_reg_bit[17]  ; clock        ; clock       ; 0.000        ; 0.073      ; 1.404      ;
+-------+---------------------------------------------------------------+---------------------------------------------------------------+--------------+-------------+--------------+------------+------------+


+-----------------------------------------------------------------------------------------------------------------------------------+
; Slow 1200mV 0C Model Hold: 'inst1'                                                                                                ;
+-------+----------------------+----------------------+----------------------+-------------+--------------+------------+------------+
; Slack ; From Node            ; To Node              ; Launch Clock         ; Latch Clock ; Relationship ; Clock Skew ; Data Delay ;
+-------+----------------------+----------------------+----------------------+-------------+--------------+------------+------------+
; 0.743 ; debounce:inst3|inst1 ; debounce:inst3|inst2 ; debounce:inst3|inst1 ; inst1       ; 0.000        ; 1.726      ; 2.924      ;
; 0.819 ; debounce:inst4|inst1 ; debounce:inst4|inst2 ; debounce:inst4|inst1 ; inst1       ; 0.000        ; 1.726      ; 3.000      ;
; 0.996 ; debounce:inst3|inst1 ; debounce:inst3|inst2 ; debounce:inst3|inst1 ; inst1       ; -0.500       ; 1.726      ; 2.677      ;
; 1.060 ; debounce:inst4|inst1 ; debounce:inst4|inst2 ; debounce:inst4|inst1 ; inst1       ; -0.500       ; 1.726      ; 2.741      ;
+-------+----------------------+----------------------+----------------------+-------------+--------------+------------+------------+


+---------------------------------------------------------------------------------------------------------------------------------------------+
; Slow 1200mV 0C Model Recovery: 'debounce:inst4|inst1'                                                                                       ;
+--------+----------------------+----------------------+----------------------+----------------------+--------------+------------+------------+
; Slack  ; From Node            ; To Node              ; Launch Clock         ; Latch Clock          ; Relationship ; Clock Skew ; Data Delay ;
+--------+----------------------+----------------------+----------------------+----------------------+--------------+------------+------------+
; -1.599 ; contador:inst5|inst  ; contador:inst5|inst  ; debounce:inst4|inst1 ; debounce:inst4|inst1 ; 1.000        ; -0.074     ; 2.527      ;
; -1.599 ; contador:inst5|inst  ; contador:inst5|inst1 ; debounce:inst4|inst1 ; debounce:inst4|inst1 ; 1.000        ; -0.074     ; 2.527      ;
; -1.599 ; contador:inst5|inst  ; contador:inst5|inst2 ; debounce:inst4|inst1 ; debounce:inst4|inst1 ; 1.000        ; -0.074     ; 2.527      ;
; -1.599 ; contador:inst5|inst  ; contador:inst5|inst3 ; debounce:inst4|inst1 ; debounce:inst4|inst1 ; 1.000        ; -0.074     ; 2.527      ;
; -1.522 ; contador:inst5|inst1 ; contador:inst5|inst  ; debounce:inst4|inst1 ; debounce:inst4|inst1 ; 1.000        ; -0.074     ; 2.450      ;
; -1.522 ; contador:inst5|inst1 ; contador:inst5|inst1 ; debounce:inst4|inst1 ; debounce:inst4|inst1 ; 1.000        ; -0.074     ; 2.450      ;
; -1.522 ; contador:inst5|inst1 ; contador:inst5|inst2 ; debounce:inst4|inst1 ; debounce:inst4|inst1 ; 1.000        ; -0.074     ; 2.450      ;
; -1.522 ; contador:inst5|inst1 ; contador:inst5|inst3 ; debounce:inst4|inst1 ; debounce:inst4|inst1 ; 1.000        ; -0.074     ; 2.450      ;
; -1.402 ; contador:inst5|inst2 ; contador:inst5|inst  ; debounce:inst4|inst1 ; debounce:inst4|inst1 ; 1.000        ; -0.074     ; 2.330      ;
; -1.402 ; contador:inst5|inst2 ; contador:inst5|inst1 ; debounce:inst4|inst1 ; debounce:inst4|inst1 ; 1.000        ; -0.074     ; 2.330      ;
; -1.402 ; contador:inst5|inst2 ; contador:inst5|inst2 ; debounce:inst4|inst1 ; debounce:inst4|inst1 ; 1.000        ; -0.074     ; 2.330      ;
; -1.402 ; contador:inst5|inst2 ; contador:inst5|inst3 ; debounce:inst4|inst1 ; debounce:inst4|inst1 ; 1.000        ; -0.074     ; 2.330      ;
; -1.367 ; contador:inst5|inst3 ; contador:inst5|inst  ; debounce:inst4|inst1 ; debounce:inst4|inst1 ; 1.000        ; -0.074     ; 2.295      ;
; -1.367 ; contador:inst5|inst3 ; contador:inst5|inst1 ; debounce:inst4|inst1 ; debounce:inst4|inst1 ; 1.000        ; -0.074     ; 2.295      ;
; -1.367 ; contador:inst5|inst3 ; contador:inst5|inst2 ; debounce:inst4|inst1 ; debounce:inst4|inst1 ; 1.000        ; -0.074     ; 2.295      ;
; -1.367 ; contador:inst5|inst3 ; contador:inst5|inst3 ; debounce:inst4|inst1 ; debounce:inst4|inst1 ; 1.000        ; -0.074     ; 2.295      ;
+--------+----------------------+----------------------+----------------------+----------------------+--------------+------------+------------+


+---------------------------------------------------------------------------------------------------------------------------------------------+
; Slow 1200mV 0C Model Recovery: 'debounce:inst3|inst1'                                                                                       ;
+--------+----------------------+----------------------+----------------------+----------------------+--------------+------------+------------+
; Slack  ; From Node            ; To Node              ; Launch Clock         ; Latch Clock          ; Relationship ; Clock Skew ; Data Delay ;
+--------+----------------------+----------------------+----------------------+----------------------+--------------+------------+------------+
; -1.484 ; contador:inst7|inst2 ; contador:inst7|inst3 ; debounce:inst3|inst1 ; debounce:inst3|inst1 ; 1.000        ; -0.074     ; 2.412      ;
; -1.484 ; contador:inst7|inst2 ; contador:inst7|inst2 ; debounce:inst3|inst1 ; debounce:inst3|inst1 ; 1.000        ; -0.074     ; 2.412      ;
; -1.484 ; contador:inst7|inst2 ; contador:inst7|inst  ; debounce:inst3|inst1 ; debounce:inst3|inst1 ; 1.000        ; -0.074     ; 2.412      ;
; -1.484 ; contador:inst7|inst2 ; contador:inst7|inst1 ; debounce:inst3|inst1 ; debounce:inst3|inst1 ; 1.000        ; -0.074     ; 2.412      ;
; -1.426 ; contador:inst7|inst3 ; contador:inst7|inst3 ; debounce:inst3|inst1 ; debounce:inst3|inst1 ; 1.000        ; -0.074     ; 2.354      ;
; -1.426 ; contador:inst7|inst3 ; contador:inst7|inst2 ; debounce:inst3|inst1 ; debounce:inst3|inst1 ; 1.000        ; -0.074     ; 2.354      ;
; -1.426 ; contador:inst7|inst3 ; contador:inst7|inst  ; debounce:inst3|inst1 ; debounce:inst3|inst1 ; 1.000        ; -0.074     ; 2.354      ;
; -1.426 ; contador:inst7|inst3 ; contador:inst7|inst1 ; debounce:inst3|inst1 ; debounce:inst3|inst1 ; 1.000        ; -0.074     ; 2.354      ;
; -1.383 ; contador:inst7|inst1 ; contador:inst7|inst3 ; debounce:inst3|inst1 ; debounce:inst3|inst1 ; 1.000        ; -0.074     ; 2.311      ;
; -1.383 ; contador:inst7|inst1 ; contador:inst7|inst2 ; debounce:inst3|inst1 ; debounce:inst3|inst1 ; 1.000        ; -0.074     ; 2.311      ;
; -1.383 ; contador:inst7|inst1 ; contador:inst7|inst  ; debounce:inst3|inst1 ; debounce:inst3|inst1 ; 1.000        ; -0.074     ; 2.311      ;
; -1.383 ; contador:inst7|inst1 ; contador:inst7|inst1 ; debounce:inst3|inst1 ; debounce:inst3|inst1 ; 1.000        ; -0.074     ; 2.311      ;
; -1.347 ; contador:inst7|inst  ; contador:inst7|inst3 ; debounce:inst3|inst1 ; debounce:inst3|inst1 ; 1.000        ; -0.074     ; 2.275      ;
; -1.347 ; contador:inst7|inst  ; contador:inst7|inst2 ; debounce:inst3|inst1 ; debounce:inst3|inst1 ; 1.000        ; -0.074     ; 2.275      ;
; -1.347 ; contador:inst7|inst  ; contador:inst7|inst  ; debounce:inst3|inst1 ; debounce:inst3|inst1 ; 1.000        ; -0.074     ; 2.275      ;
; -1.347 ; contador:inst7|inst  ; contador:inst7|inst1 ; debounce:inst3|inst1 ; debounce:inst3|inst1 ; 1.000        ; -0.074     ; 2.275      ;
+--------+----------------------+----------------------+----------------------+----------------------+--------------+------------+------------+


+--------------------------------------------------------------------------------------------------------------------------------------------+
; Slow 1200mV 0C Model Removal: 'debounce:inst3|inst1'                                                                                       ;
+-------+----------------------+----------------------+----------------------+----------------------+--------------+------------+------------+
; Slack ; From Node            ; To Node              ; Launch Clock         ; Latch Clock          ; Relationship ; Clock Skew ; Data Delay ;
+-------+----------------------+----------------------+----------------------+----------------------+--------------+------------+------------+
; 1.845 ; contador:inst7|inst  ; contador:inst7|inst3 ; debounce:inst3|inst1 ; debounce:inst3|inst1 ; 0.000        ; 0.074      ; 2.114      ;
; 1.845 ; contador:inst7|inst  ; contador:inst7|inst2 ; debounce:inst3|inst1 ; debounce:inst3|inst1 ; 0.000        ; 0.074      ; 2.114      ;
; 1.845 ; contador:inst7|inst  ; contador:inst7|inst  ; debounce:inst3|inst1 ; debounce:inst3|inst1 ; 0.000        ; 0.074      ; 2.114      ;
; 1.845 ; contador:inst7|inst  ; contador:inst7|inst1 ; debounce:inst3|inst1 ; debounce:inst3|inst1 ; 0.000        ; 0.074      ; 2.114      ;
; 1.875 ; contador:inst7|inst1 ; contador:inst7|inst3 ; debounce:inst3|inst1 ; debounce:inst3|inst1 ; 0.000        ; 0.074      ; 2.144      ;
; 1.875 ; contador:inst7|inst1 ; contador:inst7|inst2 ; debounce:inst3|inst1 ; debounce:inst3|inst1 ; 0.000        ; 0.074      ; 2.144      ;
; 1.875 ; contador:inst7|inst1 ; contador:inst7|inst  ; debounce:inst3|inst1 ; debounce:inst3|inst1 ; 0.000        ; 0.074      ; 2.144      ;
; 1.875 ; contador:inst7|inst1 ; contador:inst7|inst1 ; debounce:inst3|inst1 ; debounce:inst3|inst1 ; 0.000        ; 0.074      ; 2.144      ;
; 1.973 ; contador:inst7|inst2 ; contador:inst7|inst3 ; debounce:inst3|inst1 ; debounce:inst3|inst1 ; 0.000        ; 0.074      ; 2.242      ;
; 1.973 ; contador:inst7|inst2 ; contador:inst7|inst2 ; debounce:inst3|inst1 ; debounce:inst3|inst1 ; 0.000        ; 0.074      ; 2.242      ;
; 1.973 ; contador:inst7|inst2 ; contador:inst7|inst  ; debounce:inst3|inst1 ; debounce:inst3|inst1 ; 0.000        ; 0.074      ; 2.242      ;
; 1.973 ; contador:inst7|inst2 ; contador:inst7|inst1 ; debounce:inst3|inst1 ; debounce:inst3|inst1 ; 0.000        ; 0.074      ; 2.242      ;
; 1.986 ; contador:inst7|inst3 ; contador:inst7|inst3 ; debounce:inst3|inst1 ; debounce:inst3|inst1 ; 0.000        ; 0.074      ; 2.255      ;
; 1.986 ; contador:inst7|inst3 ; contador:inst7|inst2 ; debounce:inst3|inst1 ; debounce:inst3|inst1 ; 0.000        ; 0.074      ; 2.255      ;
; 1.986 ; contador:inst7|inst3 ; contador:inst7|inst  ; debounce:inst3|inst1 ; debounce:inst3|inst1 ; 0.000        ; 0.074      ; 2.255      ;
; 1.986 ; contador:inst7|inst3 ; contador:inst7|inst1 ; debounce:inst3|inst1 ; debounce:inst3|inst1 ; 0.000        ; 0.074      ; 2.255      ;
+-------+----------------------+----------------------+----------------------+----------------------+--------------+------------+------------+


+--------------------------------------------------------------------------------------------------------------------------------------------+
; Slow 1200mV 0C Model Removal: 'debounce:inst4|inst1'                                                                                       ;
+-------+----------------------+----------------------+----------------------+----------------------+--------------+------------+------------+
; Slack ; From Node            ; To Node              ; Launch Clock         ; Latch Clock          ; Relationship ; Clock Skew ; Data Delay ;
+-------+----------------------+----------------------+----------------------+----------------------+--------------+------------+------------+
; 1.915 ; contador:inst5|inst3 ; contador:inst5|inst  ; debounce:inst4|inst1 ; debounce:inst4|inst1 ; 0.000        ; 0.074      ; 2.184      ;
; 1.915 ; contador:inst5|inst3 ; contador:inst5|inst1 ; debounce:inst4|inst1 ; debounce:inst4|inst1 ; 0.000        ; 0.074      ; 2.184      ;
; 1.915 ; contador:inst5|inst3 ; contador:inst5|inst2 ; debounce:inst4|inst1 ; debounce:inst4|inst1 ; 0.000        ; 0.074      ; 2.184      ;
; 1.915 ; contador:inst5|inst3 ; contador:inst5|inst3 ; debounce:inst4|inst1 ; debounce:inst4|inst1 ; 0.000        ; 0.074      ; 2.184      ;
; 1.948 ; contador:inst5|inst2 ; contador:inst5|inst  ; debounce:inst4|inst1 ; debounce:inst4|inst1 ; 0.000        ; 0.074      ; 2.217      ;
; 1.948 ; contador:inst5|inst2 ; contador:inst5|inst1 ; debounce:inst4|inst1 ; debounce:inst4|inst1 ; 0.000        ; 0.074      ; 2.217      ;
; 1.948 ; contador:inst5|inst2 ; contador:inst5|inst2 ; debounce:inst4|inst1 ; debounce:inst4|inst1 ; 0.000        ; 0.074      ; 2.217      ;
; 1.948 ; contador:inst5|inst2 ; contador:inst5|inst3 ; debounce:inst4|inst1 ; debounce:inst4|inst1 ; 0.000        ; 0.074      ; 2.217      ;
; 2.078 ; contador:inst5|inst1 ; contador:inst5|inst  ; debounce:inst4|inst1 ; debounce:inst4|inst1 ; 0.000        ; 0.074      ; 2.347      ;
; 2.078 ; contador:inst5|inst1 ; contador:inst5|inst1 ; debounce:inst4|inst1 ; debounce:inst4|inst1 ; 0.000        ; 0.074      ; 2.347      ;
; 2.078 ; contador:inst5|inst1 ; contador:inst5|inst2 ; debounce:inst4|inst1 ; debounce:inst4|inst1 ; 0.000        ; 0.074      ; 2.347      ;
; 2.078 ; contador:inst5|inst1 ; contador:inst5|inst3 ; debounce:inst4|inst1 ; debounce:inst4|inst1 ; 0.000        ; 0.074      ; 2.347      ;
; 2.102 ; contador:inst5|inst  ; contador:inst5|inst  ; debounce:inst4|inst1 ; debounce:inst4|inst1 ; 0.000        ; 0.074      ; 2.371      ;
; 2.102 ; contador:inst5|inst  ; contador:inst5|inst1 ; debounce:inst4|inst1 ; debounce:inst4|inst1 ; 0.000        ; 0.074      ; 2.371      ;
; 2.102 ; contador:inst5|inst  ; contador:inst5|inst2 ; debounce:inst4|inst1 ; debounce:inst4|inst1 ; 0.000        ; 0.074      ; 2.371      ;
; 2.102 ; contador:inst5|inst  ; contador:inst5|inst3 ; debounce:inst4|inst1 ; debounce:inst4|inst1 ; 0.000        ; 0.074      ; 2.371      ;
+-------+----------------------+----------------------+----------------------+----------------------+--------------+------------+------------+


----------------------------------------------
; Slow 1200mV 0C Model Metastability Summary ;
----------------------------------------------
No synchronizer chains to report.


+-----------------------------------------------+
; Fast 1200mV 0C Model Setup Summary            ;
+----------------------+--------+---------------+
; Clock                ; Slack  ; End Point TNS ;
+----------------------+--------+---------------+
; clock                ; -1.542 ; -37.873       ;
; inst1                ; -0.214 ; -0.387        ;
; clock3               ; -0.026 ; -0.048        ;
; debounce:inst4|inst1 ; 0.403  ; 0.000         ;
; debounce:inst3|inst1 ; 0.410  ; 0.000         ;
; inst9                ; 0.552  ; 0.000         ;
+----------------------+--------+---------------+


+----------------------------------------------+
; Fast 1200mV 0C Model Hold Summary            ;
+----------------------+-------+---------------+
; Clock                ; Slack ; End Point TNS ;
+----------------------+-------+---------------+
; debounce:inst3|inst1 ; 0.186 ; 0.000         ;
; debounce:inst4|inst1 ; 0.186 ; 0.000         ;
; inst9                ; 0.186 ; 0.000         ;
; clock3               ; 0.196 ; 0.000         ;
; clock                ; 0.267 ; 0.000         ;
; inst1                ; 0.303 ; 0.000         ;
+----------------------+-------+---------------+


+-----------------------------------------------+
; Fast 1200mV 0C Model Recovery Summary         ;
+----------------------+--------+---------------+
; Clock                ; Slack  ; End Point TNS ;
+----------------------+--------+---------------+
; debounce:inst4|inst1 ; -0.237 ; -0.948        ;
; debounce:inst3|inst1 ; -0.184 ; -0.736        ;
+----------------------+--------+---------------+


+----------------------------------------------+
; Fast 1200mV 0C Model Removal Summary         ;
+----------------------+-------+---------------+
; Clock                ; Slack ; End Point TNS ;
+----------------------+-------+---------------+
; debounce:inst3|inst1 ; 0.853 ; 0.000         ;
; debounce:inst4|inst1 ; 0.856 ; 0.000         ;
+----------------------+-------+---------------+


+--------------------------------------------------+
; Fast 1200mV 0C Model Minimum Pulse Width Summary ;
+----------------------+--------+------------------+
; Clock                ; Slack  ; End Point TNS    ;
+----------------------+--------+------------------+
; clock                ; -3.000 ; -38.147          ;
; clock3               ; -3.000 ; -11.512          ;
; debounce:inst3|inst1 ; -1.000 ; -4.000           ;
; debounce:inst4|inst1 ; -1.000 ; -4.000           ;
; inst1                ; -1.000 ; -4.000           ;
; inst9                ; -1.000 ; -2.000           ;
+----------------------+--------+------------------+


+-----------------------------------------------------------------------------------------------------------------------------------------------------------------------------------------------------------+
; Fast 1200mV 0C Model Setup: 'clock'                                                                                                                                                                       ;
+--------+--------------------------------------------------------------+-------------------------------------------------------------+--------------+-------------+--------------+------------+------------+
; Slack  ; From Node                                                    ; To Node                                                     ; Launch Clock ; Latch Clock ; Relationship ; Clock Skew ; Data Delay ;
+--------+--------------------------------------------------------------+-------------------------------------------------------------+--------------+-------------+--------------+------------+------------+
; -1.542 ; lpm_counter:inst|cntr_tmj:auto_generated|counter_reg_bit[15] ; inst1                                                       ; clock        ; clock       ; 1.000        ; -0.037     ; 2.492      ;
; -1.537 ; lpm_counter:inst|cntr_tmj:auto_generated|counter_reg_bit[18] ; inst1                                                       ; clock        ; clock       ; 1.000        ; -0.037     ; 2.487      ;
; -1.498 ; lpm_counter:inst|cntr_tmj:auto_generated|counter_reg_bit[12] ; inst1                                                       ; clock        ; clock       ; 1.000        ; -0.037     ; 2.448      ;
; -1.476 ; lpm_counter:inst|cntr_tmj:auto_generated|counter_reg_bit[17] ; inst1                                                       ; clock        ; clock       ; 1.000        ; -0.037     ; 2.426      ;
; -1.469 ; lpm_counter:inst|cntr_tmj:auto_generated|counter_reg_bit[15] ; lpm_counter:inst|cntr_tmj:auto_generated|counter_reg_bit[0] ; clock        ; clock       ; 1.000        ; -0.037     ; 2.419      ;
; -1.469 ; lpm_counter:inst|cntr_tmj:auto_generated|counter_reg_bit[15] ; lpm_counter:inst|cntr_tmj:auto_generated|counter_reg_bit[1] ; clock        ; clock       ; 1.000        ; -0.037     ; 2.419      ;
; -1.469 ; lpm_counter:inst|cntr_tmj:auto_generated|counter_reg_bit[15] ; lpm_counter:inst|cntr_tmj:auto_generated|counter_reg_bit[2] ; clock        ; clock       ; 1.000        ; -0.037     ; 2.419      ;
; -1.469 ; lpm_counter:inst|cntr_tmj:auto_generated|counter_reg_bit[15] ; lpm_counter:inst|cntr_tmj:auto_generated|counter_reg_bit[3] ; clock        ; clock       ; 1.000        ; -0.037     ; 2.419      ;
; -1.469 ; lpm_counter:inst|cntr_tmj:auto_generated|counter_reg_bit[15] ; lpm_counter:inst|cntr_tmj:auto_generated|counter_reg_bit[4] ; clock        ; clock       ; 1.000        ; -0.037     ; 2.419      ;
; -1.469 ; lpm_counter:inst|cntr_tmj:auto_generated|counter_reg_bit[15] ; lpm_counter:inst|cntr_tmj:auto_generated|counter_reg_bit[5] ; clock        ; clock       ; 1.000        ; -0.037     ; 2.419      ;
; -1.469 ; lpm_counter:inst|cntr_tmj:auto_generated|counter_reg_bit[15] ; lpm_counter:inst|cntr_tmj:auto_generated|counter_reg_bit[6] ; clock        ; clock       ; 1.000        ; -0.037     ; 2.419      ;
; -1.469 ; lpm_counter:inst|cntr_tmj:auto_generated|counter_reg_bit[15] ; lpm_counter:inst|cntr_tmj:auto_generated|counter_reg_bit[7] ; clock        ; clock       ; 1.000        ; -0.037     ; 2.419      ;
; -1.469 ; lpm_counter:inst|cntr_tmj:auto_generated|counter_reg_bit[15] ; lpm_counter:inst|cntr_tmj:auto_generated|counter_reg_bit[8] ; clock        ; clock       ; 1.000        ; -0.037     ; 2.419      ;
; -1.469 ; lpm_counter:inst|cntr_tmj:auto_generated|counter_reg_bit[15] ; lpm_counter:inst|cntr_tmj:auto_generated|counter_reg_bit[9] ; clock        ; clock       ; 1.000        ; -0.037     ; 2.419      ;
; -1.464 ; lpm_counter:inst|cntr_tmj:auto_generated|counter_reg_bit[18] ; lpm_counter:inst|cntr_tmj:auto_generated|counter_reg_bit[0] ; clock        ; clock       ; 1.000        ; -0.037     ; 2.414      ;
; -1.464 ; lpm_counter:inst|cntr_tmj:auto_generated|counter_reg_bit[18] ; lpm_counter:inst|cntr_tmj:auto_generated|counter_reg_bit[1] ; clock        ; clock       ; 1.000        ; -0.037     ; 2.414      ;
; -1.464 ; lpm_counter:inst|cntr_tmj:auto_generated|counter_reg_bit[18] ; lpm_counter:inst|cntr_tmj:auto_generated|counter_reg_bit[2] ; clock        ; clock       ; 1.000        ; -0.037     ; 2.414      ;
; -1.464 ; lpm_counter:inst|cntr_tmj:auto_generated|counter_reg_bit[18] ; lpm_counter:inst|cntr_tmj:auto_generated|counter_reg_bit[3] ; clock        ; clock       ; 1.000        ; -0.037     ; 2.414      ;
; -1.464 ; lpm_counter:inst|cntr_tmj:auto_generated|counter_reg_bit[18] ; lpm_counter:inst|cntr_tmj:auto_generated|counter_reg_bit[4] ; clock        ; clock       ; 1.000        ; -0.037     ; 2.414      ;
; -1.464 ; lpm_counter:inst|cntr_tmj:auto_generated|counter_reg_bit[18] ; lpm_counter:inst|cntr_tmj:auto_generated|counter_reg_bit[5] ; clock        ; clock       ; 1.000        ; -0.037     ; 2.414      ;
; -1.464 ; lpm_counter:inst|cntr_tmj:auto_generated|counter_reg_bit[18] ; lpm_counter:inst|cntr_tmj:auto_generated|counter_reg_bit[6] ; clock        ; clock       ; 1.000        ; -0.037     ; 2.414      ;
; -1.464 ; lpm_counter:inst|cntr_tmj:auto_generated|counter_reg_bit[18] ; lpm_counter:inst|cntr_tmj:auto_generated|counter_reg_bit[7] ; clock        ; clock       ; 1.000        ; -0.037     ; 2.414      ;
; -1.464 ; lpm_counter:inst|cntr_tmj:auto_generated|counter_reg_bit[18] ; lpm_counter:inst|cntr_tmj:auto_generated|counter_reg_bit[8] ; clock        ; clock       ; 1.000        ; -0.037     ; 2.414      ;
; -1.464 ; lpm_counter:inst|cntr_tmj:auto_generated|counter_reg_bit[18] ; lpm_counter:inst|cntr_tmj:auto_generated|counter_reg_bit[9] ; clock        ; clock       ; 1.000        ; -0.037     ; 2.414      ;
; -1.425 ; lpm_counter:inst|cntr_tmj:auto_generated|counter_reg_bit[12] ; lpm_counter:inst|cntr_tmj:auto_generated|counter_reg_bit[0] ; clock        ; clock       ; 1.000        ; -0.037     ; 2.375      ;
; -1.425 ; lpm_counter:inst|cntr_tmj:auto_generated|counter_reg_bit[12] ; lpm_counter:inst|cntr_tmj:auto_generated|counter_reg_bit[1] ; clock        ; clock       ; 1.000        ; -0.037     ; 2.375      ;
; -1.425 ; lpm_counter:inst|cntr_tmj:auto_generated|counter_reg_bit[12] ; lpm_counter:inst|cntr_tmj:auto_generated|counter_reg_bit[2] ; clock        ; clock       ; 1.000        ; -0.037     ; 2.375      ;
; -1.425 ; lpm_counter:inst|cntr_tmj:auto_generated|counter_reg_bit[12] ; lpm_counter:inst|cntr_tmj:auto_generated|counter_reg_bit[3] ; clock        ; clock       ; 1.000        ; -0.037     ; 2.375      ;
; -1.425 ; lpm_counter:inst|cntr_tmj:auto_generated|counter_reg_bit[12] ; lpm_counter:inst|cntr_tmj:auto_generated|counter_reg_bit[4] ; clock        ; clock       ; 1.000        ; -0.037     ; 2.375      ;
; -1.425 ; lpm_counter:inst|cntr_tmj:auto_generated|counter_reg_bit[12] ; lpm_counter:inst|cntr_tmj:auto_generated|counter_reg_bit[5] ; clock        ; clock       ; 1.000        ; -0.037     ; 2.375      ;
; -1.425 ; lpm_counter:inst|cntr_tmj:auto_generated|counter_reg_bit[12] ; lpm_counter:inst|cntr_tmj:auto_generated|counter_reg_bit[6] ; clock        ; clock       ; 1.000        ; -0.037     ; 2.375      ;
; -1.425 ; lpm_counter:inst|cntr_tmj:auto_generated|counter_reg_bit[12] ; lpm_counter:inst|cntr_tmj:auto_generated|counter_reg_bit[7] ; clock        ; clock       ; 1.000        ; -0.037     ; 2.375      ;
; -1.425 ; lpm_counter:inst|cntr_tmj:auto_generated|counter_reg_bit[12] ; lpm_counter:inst|cntr_tmj:auto_generated|counter_reg_bit[8] ; clock        ; clock       ; 1.000        ; -0.037     ; 2.375      ;
; -1.425 ; lpm_counter:inst|cntr_tmj:auto_generated|counter_reg_bit[12] ; lpm_counter:inst|cntr_tmj:auto_generated|counter_reg_bit[9] ; clock        ; clock       ; 1.000        ; -0.037     ; 2.375      ;
; -1.423 ; lpm_counter:inst|cntr_tmj:auto_generated|counter_reg_bit[11] ; inst1                                                       ; clock        ; clock       ; 1.000        ; -0.037     ; 2.373      ;
; -1.409 ; lpm_counter:inst8|cntr_ojj:auto_generated|counter_reg_bit[1] ; inst9                                                       ; clock        ; clock       ; 1.000        ; -0.036     ; 2.360      ;
; -1.409 ; lpm_counter:inst|cntr_tmj:auto_generated|counter_reg_bit[16] ; inst1                                                       ; clock        ; clock       ; 1.000        ; -0.037     ; 2.359      ;
; -1.403 ; lpm_counter:inst|cntr_tmj:auto_generated|counter_reg_bit[17] ; lpm_counter:inst|cntr_tmj:auto_generated|counter_reg_bit[0] ; clock        ; clock       ; 1.000        ; -0.037     ; 2.353      ;
; -1.403 ; lpm_counter:inst|cntr_tmj:auto_generated|counter_reg_bit[17] ; lpm_counter:inst|cntr_tmj:auto_generated|counter_reg_bit[1] ; clock        ; clock       ; 1.000        ; -0.037     ; 2.353      ;
; -1.403 ; lpm_counter:inst|cntr_tmj:auto_generated|counter_reg_bit[17] ; lpm_counter:inst|cntr_tmj:auto_generated|counter_reg_bit[2] ; clock        ; clock       ; 1.000        ; -0.037     ; 2.353      ;
; -1.403 ; lpm_counter:inst|cntr_tmj:auto_generated|counter_reg_bit[17] ; lpm_counter:inst|cntr_tmj:auto_generated|counter_reg_bit[3] ; clock        ; clock       ; 1.000        ; -0.037     ; 2.353      ;
; -1.403 ; lpm_counter:inst|cntr_tmj:auto_generated|counter_reg_bit[17] ; lpm_counter:inst|cntr_tmj:auto_generated|counter_reg_bit[4] ; clock        ; clock       ; 1.000        ; -0.037     ; 2.353      ;
; -1.403 ; lpm_counter:inst|cntr_tmj:auto_generated|counter_reg_bit[17] ; lpm_counter:inst|cntr_tmj:auto_generated|counter_reg_bit[5] ; clock        ; clock       ; 1.000        ; -0.037     ; 2.353      ;
; -1.403 ; lpm_counter:inst|cntr_tmj:auto_generated|counter_reg_bit[17] ; lpm_counter:inst|cntr_tmj:auto_generated|counter_reg_bit[6] ; clock        ; clock       ; 1.000        ; -0.037     ; 2.353      ;
; -1.403 ; lpm_counter:inst|cntr_tmj:auto_generated|counter_reg_bit[17] ; lpm_counter:inst|cntr_tmj:auto_generated|counter_reg_bit[7] ; clock        ; clock       ; 1.000        ; -0.037     ; 2.353      ;
; -1.403 ; lpm_counter:inst|cntr_tmj:auto_generated|counter_reg_bit[17] ; lpm_counter:inst|cntr_tmj:auto_generated|counter_reg_bit[8] ; clock        ; clock       ; 1.000        ; -0.037     ; 2.353      ;
; -1.403 ; lpm_counter:inst|cntr_tmj:auto_generated|counter_reg_bit[17] ; lpm_counter:inst|cntr_tmj:auto_generated|counter_reg_bit[9] ; clock        ; clock       ; 1.000        ; -0.037     ; 2.353      ;
; -1.373 ; lpm_counter:inst|cntr_tmj:auto_generated|counter_reg_bit[1]  ; inst1                                                       ; clock        ; clock       ; 1.000        ; -0.037     ; 2.323      ;
; -1.366 ; lpm_counter:inst|cntr_tmj:auto_generated|counter_reg_bit[14] ; inst1                                                       ; clock        ; clock       ; 1.000        ; -0.037     ; 2.316      ;
; -1.362 ; lpm_counter:inst8|cntr_ojj:auto_generated|counter_reg_bit[0] ; inst9                                                       ; clock        ; clock       ; 1.000        ; -0.036     ; 2.313      ;
; -1.350 ; lpm_counter:inst|cntr_tmj:auto_generated|counter_reg_bit[0]  ; inst1                                                       ; clock        ; clock       ; 1.000        ; -0.037     ; 2.300      ;
; -1.350 ; lpm_counter:inst|cntr_tmj:auto_generated|counter_reg_bit[11] ; lpm_counter:inst|cntr_tmj:auto_generated|counter_reg_bit[0] ; clock        ; clock       ; 1.000        ; -0.037     ; 2.300      ;
; -1.350 ; lpm_counter:inst|cntr_tmj:auto_generated|counter_reg_bit[11] ; lpm_counter:inst|cntr_tmj:auto_generated|counter_reg_bit[1] ; clock        ; clock       ; 1.000        ; -0.037     ; 2.300      ;
; -1.350 ; lpm_counter:inst|cntr_tmj:auto_generated|counter_reg_bit[11] ; lpm_counter:inst|cntr_tmj:auto_generated|counter_reg_bit[2] ; clock        ; clock       ; 1.000        ; -0.037     ; 2.300      ;
; -1.350 ; lpm_counter:inst|cntr_tmj:auto_generated|counter_reg_bit[11] ; lpm_counter:inst|cntr_tmj:auto_generated|counter_reg_bit[3] ; clock        ; clock       ; 1.000        ; -0.037     ; 2.300      ;
; -1.350 ; lpm_counter:inst|cntr_tmj:auto_generated|counter_reg_bit[11] ; lpm_counter:inst|cntr_tmj:auto_generated|counter_reg_bit[4] ; clock        ; clock       ; 1.000        ; -0.037     ; 2.300      ;
; -1.350 ; lpm_counter:inst|cntr_tmj:auto_generated|counter_reg_bit[11] ; lpm_counter:inst|cntr_tmj:auto_generated|counter_reg_bit[5] ; clock        ; clock       ; 1.000        ; -0.037     ; 2.300      ;
; -1.350 ; lpm_counter:inst|cntr_tmj:auto_generated|counter_reg_bit[11] ; lpm_counter:inst|cntr_tmj:auto_generated|counter_reg_bit[6] ; clock        ; clock       ; 1.000        ; -0.037     ; 2.300      ;
; -1.350 ; lpm_counter:inst|cntr_tmj:auto_generated|counter_reg_bit[11] ; lpm_counter:inst|cntr_tmj:auto_generated|counter_reg_bit[7] ; clock        ; clock       ; 1.000        ; -0.037     ; 2.300      ;
; -1.350 ; lpm_counter:inst|cntr_tmj:auto_generated|counter_reg_bit[11] ; lpm_counter:inst|cntr_tmj:auto_generated|counter_reg_bit[8] ; clock        ; clock       ; 1.000        ; -0.037     ; 2.300      ;
; -1.350 ; lpm_counter:inst|cntr_tmj:auto_generated|counter_reg_bit[11] ; lpm_counter:inst|cntr_tmj:auto_generated|counter_reg_bit[9] ; clock        ; clock       ; 1.000        ; -0.037     ; 2.300      ;
; -1.346 ; lpm_counter:inst|cntr_tmj:auto_generated|counter_reg_bit[13] ; inst1                                                       ; clock        ; clock       ; 1.000        ; -0.037     ; 2.296      ;
; -1.343 ; lpm_counter:inst|cntr_tmj:auto_generated|counter_reg_bit[3]  ; inst1                                                       ; clock        ; clock       ; 1.000        ; -0.037     ; 2.293      ;
; -1.340 ; lpm_counter:inst|cntr_tmj:auto_generated|counter_reg_bit[8]  ; inst1                                                       ; clock        ; clock       ; 1.000        ; -0.037     ; 2.290      ;
; -1.340 ; lpm_counter:inst8|cntr_ojj:auto_generated|counter_reg_bit[3] ; inst9                                                       ; clock        ; clock       ; 1.000        ; -0.036     ; 2.291      ;
; -1.336 ; lpm_counter:inst|cntr_tmj:auto_generated|counter_reg_bit[16] ; lpm_counter:inst|cntr_tmj:auto_generated|counter_reg_bit[0] ; clock        ; clock       ; 1.000        ; -0.037     ; 2.286      ;
; -1.336 ; lpm_counter:inst|cntr_tmj:auto_generated|counter_reg_bit[16] ; lpm_counter:inst|cntr_tmj:auto_generated|counter_reg_bit[1] ; clock        ; clock       ; 1.000        ; -0.037     ; 2.286      ;
; -1.336 ; lpm_counter:inst|cntr_tmj:auto_generated|counter_reg_bit[16] ; lpm_counter:inst|cntr_tmj:auto_generated|counter_reg_bit[2] ; clock        ; clock       ; 1.000        ; -0.037     ; 2.286      ;
; -1.336 ; lpm_counter:inst|cntr_tmj:auto_generated|counter_reg_bit[16] ; lpm_counter:inst|cntr_tmj:auto_generated|counter_reg_bit[3] ; clock        ; clock       ; 1.000        ; -0.037     ; 2.286      ;
; -1.336 ; lpm_counter:inst|cntr_tmj:auto_generated|counter_reg_bit[16] ; lpm_counter:inst|cntr_tmj:auto_generated|counter_reg_bit[4] ; clock        ; clock       ; 1.000        ; -0.037     ; 2.286      ;
; -1.336 ; lpm_counter:inst|cntr_tmj:auto_generated|counter_reg_bit[16] ; lpm_counter:inst|cntr_tmj:auto_generated|counter_reg_bit[5] ; clock        ; clock       ; 1.000        ; -0.037     ; 2.286      ;
; -1.336 ; lpm_counter:inst|cntr_tmj:auto_generated|counter_reg_bit[16] ; lpm_counter:inst|cntr_tmj:auto_generated|counter_reg_bit[6] ; clock        ; clock       ; 1.000        ; -0.037     ; 2.286      ;
; -1.336 ; lpm_counter:inst|cntr_tmj:auto_generated|counter_reg_bit[16] ; lpm_counter:inst|cntr_tmj:auto_generated|counter_reg_bit[7] ; clock        ; clock       ; 1.000        ; -0.037     ; 2.286      ;
; -1.336 ; lpm_counter:inst|cntr_tmj:auto_generated|counter_reg_bit[16] ; lpm_counter:inst|cntr_tmj:auto_generated|counter_reg_bit[8] ; clock        ; clock       ; 1.000        ; -0.037     ; 2.286      ;
; -1.336 ; lpm_counter:inst|cntr_tmj:auto_generated|counter_reg_bit[16] ; lpm_counter:inst|cntr_tmj:auto_generated|counter_reg_bit[9] ; clock        ; clock       ; 1.000        ; -0.037     ; 2.286      ;
; -1.326 ; lpm_counter:inst|cntr_tmj:auto_generated|counter_reg_bit[4]  ; inst1                                                       ; clock        ; clock       ; 1.000        ; -0.037     ; 2.276      ;
; -1.305 ; lpm_counter:inst|cntr_tmj:auto_generated|counter_reg_bit[7]  ; inst1                                                       ; clock        ; clock       ; 1.000        ; -0.037     ; 2.255      ;
; -1.303 ; lpm_counter:inst|cntr_tmj:auto_generated|counter_reg_bit[5]  ; inst1                                                       ; clock        ; clock       ; 1.000        ; -0.037     ; 2.253      ;
; -1.299 ; lpm_counter:inst|cntr_tmj:auto_generated|counter_reg_bit[1]  ; lpm_counter:inst|cntr_tmj:auto_generated|counter_reg_bit[0] ; clock        ; clock       ; 1.000        ; -0.037     ; 2.249      ;
; -1.299 ; lpm_counter:inst|cntr_tmj:auto_generated|counter_reg_bit[1]  ; lpm_counter:inst|cntr_tmj:auto_generated|counter_reg_bit[1] ; clock        ; clock       ; 1.000        ; -0.037     ; 2.249      ;
; -1.299 ; lpm_counter:inst|cntr_tmj:auto_generated|counter_reg_bit[1]  ; lpm_counter:inst|cntr_tmj:auto_generated|counter_reg_bit[2] ; clock        ; clock       ; 1.000        ; -0.037     ; 2.249      ;
; -1.299 ; lpm_counter:inst|cntr_tmj:auto_generated|counter_reg_bit[1]  ; lpm_counter:inst|cntr_tmj:auto_generated|counter_reg_bit[3] ; clock        ; clock       ; 1.000        ; -0.037     ; 2.249      ;
; -1.299 ; lpm_counter:inst|cntr_tmj:auto_generated|counter_reg_bit[1]  ; lpm_counter:inst|cntr_tmj:auto_generated|counter_reg_bit[4] ; clock        ; clock       ; 1.000        ; -0.037     ; 2.249      ;
; -1.299 ; lpm_counter:inst|cntr_tmj:auto_generated|counter_reg_bit[1]  ; lpm_counter:inst|cntr_tmj:auto_generated|counter_reg_bit[5] ; clock        ; clock       ; 1.000        ; -0.037     ; 2.249      ;
; -1.299 ; lpm_counter:inst|cntr_tmj:auto_generated|counter_reg_bit[1]  ; lpm_counter:inst|cntr_tmj:auto_generated|counter_reg_bit[6] ; clock        ; clock       ; 1.000        ; -0.037     ; 2.249      ;
; -1.299 ; lpm_counter:inst|cntr_tmj:auto_generated|counter_reg_bit[1]  ; lpm_counter:inst|cntr_tmj:auto_generated|counter_reg_bit[7] ; clock        ; clock       ; 1.000        ; -0.037     ; 2.249      ;
; -1.299 ; lpm_counter:inst|cntr_tmj:auto_generated|counter_reg_bit[1]  ; lpm_counter:inst|cntr_tmj:auto_generated|counter_reg_bit[8] ; clock        ; clock       ; 1.000        ; -0.037     ; 2.249      ;
; -1.299 ; lpm_counter:inst|cntr_tmj:auto_generated|counter_reg_bit[1]  ; lpm_counter:inst|cntr_tmj:auto_generated|counter_reg_bit[9] ; clock        ; clock       ; 1.000        ; -0.037     ; 2.249      ;
; -1.295 ; lpm_counter:inst8|cntr_ojj:auto_generated|counter_reg_bit[2] ; inst9                                                       ; clock        ; clock       ; 1.000        ; -0.036     ; 2.246      ;
; -1.293 ; lpm_counter:inst|cntr_tmj:auto_generated|counter_reg_bit[14] ; lpm_counter:inst|cntr_tmj:auto_generated|counter_reg_bit[0] ; clock        ; clock       ; 1.000        ; -0.037     ; 2.243      ;
; -1.293 ; lpm_counter:inst|cntr_tmj:auto_generated|counter_reg_bit[14] ; lpm_counter:inst|cntr_tmj:auto_generated|counter_reg_bit[1] ; clock        ; clock       ; 1.000        ; -0.037     ; 2.243      ;
; -1.293 ; lpm_counter:inst|cntr_tmj:auto_generated|counter_reg_bit[14] ; lpm_counter:inst|cntr_tmj:auto_generated|counter_reg_bit[2] ; clock        ; clock       ; 1.000        ; -0.037     ; 2.243      ;
; -1.293 ; lpm_counter:inst|cntr_tmj:auto_generated|counter_reg_bit[14] ; lpm_counter:inst|cntr_tmj:auto_generated|counter_reg_bit[3] ; clock        ; clock       ; 1.000        ; -0.037     ; 2.243      ;
; -1.293 ; lpm_counter:inst|cntr_tmj:auto_generated|counter_reg_bit[14] ; lpm_counter:inst|cntr_tmj:auto_generated|counter_reg_bit[4] ; clock        ; clock       ; 1.000        ; -0.037     ; 2.243      ;
; -1.293 ; lpm_counter:inst|cntr_tmj:auto_generated|counter_reg_bit[14] ; lpm_counter:inst|cntr_tmj:auto_generated|counter_reg_bit[5] ; clock        ; clock       ; 1.000        ; -0.037     ; 2.243      ;
; -1.293 ; lpm_counter:inst|cntr_tmj:auto_generated|counter_reg_bit[14] ; lpm_counter:inst|cntr_tmj:auto_generated|counter_reg_bit[6] ; clock        ; clock       ; 1.000        ; -0.037     ; 2.243      ;
; -1.293 ; lpm_counter:inst|cntr_tmj:auto_generated|counter_reg_bit[14] ; lpm_counter:inst|cntr_tmj:auto_generated|counter_reg_bit[7] ; clock        ; clock       ; 1.000        ; -0.037     ; 2.243      ;
; -1.293 ; lpm_counter:inst|cntr_tmj:auto_generated|counter_reg_bit[14] ; lpm_counter:inst|cntr_tmj:auto_generated|counter_reg_bit[8] ; clock        ; clock       ; 1.000        ; -0.037     ; 2.243      ;
; -1.293 ; lpm_counter:inst|cntr_tmj:auto_generated|counter_reg_bit[14] ; lpm_counter:inst|cntr_tmj:auto_generated|counter_reg_bit[9] ; clock        ; clock       ; 1.000        ; -0.037     ; 2.243      ;
; -1.282 ; lpm_counter:inst|cntr_tmj:auto_generated|counter_reg_bit[2]  ; inst1                                                       ; clock        ; clock       ; 1.000        ; -0.037     ; 2.232      ;
+--------+--------------------------------------------------------------+-------------------------------------------------------------+--------------+-------------+--------------+------------+------------+


+------------------------------------------------------------------------------------------------------------------------------------+
; Fast 1200mV 0C Model Setup: 'inst1'                                                                                                ;
+--------+----------------------+----------------------+----------------------+-------------+--------------+------------+------------+
; Slack  ; From Node            ; To Node              ; Launch Clock         ; Latch Clock ; Relationship ; Clock Skew ; Data Delay ;
+--------+----------------------+----------------------+----------------------+-------------+--------------+------------+------------+
; -0.214 ; debounce:inst4|inst1 ; debounce:inst4|inst2 ; debounce:inst4|inst1 ; inst1       ; 0.500        ; 0.705      ; 1.511      ;
; -0.173 ; debounce:inst3|inst1 ; debounce:inst3|inst2 ; debounce:inst3|inst1 ; inst1       ; 0.500        ; 0.705      ; 1.470      ;
; 0.461  ; debounce:inst4|inst1 ; debounce:inst4|inst2 ; debounce:inst4|inst1 ; inst1       ; 1.000        ; 0.705      ; 1.336      ;
; 0.492  ; debounce:inst3|inst1 ; debounce:inst3|inst2 ; debounce:inst3|inst1 ; inst1       ; 1.000        ; 0.705      ; 1.305      ;
+--------+----------------------+----------------------+----------------------+-------------+--------------+------------+------------+


+--------------------------------------------------------------------------------------------------------------------------------------------------------------------------------------------------------------+
; Fast 1200mV 0C Model Setup: 'clock3'                                                                                                                                                                         ;
+--------+---------------------------------------------------------------+---------------------------------------------------------------+--------------+-------------+--------------+------------+------------+
; Slack  ; From Node                                                     ; To Node                                                       ; Launch Clock ; Latch Clock ; Relationship ; Clock Skew ; Data Delay ;
+--------+---------------------------------------------------------------+---------------------------------------------------------------+--------------+-------------+--------------+------------+------------+
; -0.026 ; lpm_counter:inst11|cntr_grj:auto_generated|counter_reg_bit[1] ; lpm_counter:inst11|cntr_grj:auto_generated|counter_reg_bit[7] ; clock3       ; clock3      ; 1.000        ; -0.037     ; 0.976      ;
; -0.022 ; lpm_counter:inst11|cntr_grj:auto_generated|counter_reg_bit[1] ; lpm_counter:inst11|cntr_grj:auto_generated|counter_reg_bit[6] ; clock3       ; clock3      ; 1.000        ; -0.037     ; 0.972      ;
; -0.011 ; lpm_counter:inst11|cntr_grj:auto_generated|counter_reg_bit[0] ; lpm_counter:inst11|cntr_grj:auto_generated|counter_reg_bit[7] ; clock3       ; clock3      ; 1.000        ; -0.037     ; 0.961      ;
; 0.027  ; lpm_counter:inst11|cntr_grj:auto_generated|counter_reg_bit[0] ; lpm_counter:inst11|cntr_grj:auto_generated|counter_reg_bit[6] ; clock3       ; clock3      ; 1.000        ; -0.037     ; 0.923      ;
; 0.042  ; lpm_counter:inst11|cntr_grj:auto_generated|counter_reg_bit[1] ; lpm_counter:inst11|cntr_grj:auto_generated|counter_reg_bit[5] ; clock3       ; clock3      ; 1.000        ; -0.037     ; 0.908      ;
; 0.046  ; lpm_counter:inst11|cntr_grj:auto_generated|counter_reg_bit[1] ; lpm_counter:inst11|cntr_grj:auto_generated|counter_reg_bit[4] ; clock3       ; clock3      ; 1.000        ; -0.037     ; 0.904      ;
; 0.047  ; lpm_counter:inst11|cntr_grj:auto_generated|counter_reg_bit[3] ; lpm_counter:inst11|cntr_grj:auto_generated|counter_reg_bit[7] ; clock3       ; clock3      ; 1.000        ; -0.037     ; 0.903      ;
; 0.051  ; lpm_counter:inst11|cntr_grj:auto_generated|counter_reg_bit[3] ; lpm_counter:inst11|cntr_grj:auto_generated|counter_reg_bit[6] ; clock3       ; clock3      ; 1.000        ; -0.037     ; 0.899      ;
; 0.056  ; lpm_counter:inst11|cntr_grj:auto_generated|counter_reg_bit[2] ; lpm_counter:inst11|cntr_grj:auto_generated|counter_reg_bit[7] ; clock3       ; clock3      ; 1.000        ; -0.037     ; 0.894      ;
; 0.057  ; lpm_counter:inst11|cntr_grj:auto_generated|counter_reg_bit[0] ; lpm_counter:inst11|cntr_grj:auto_generated|counter_reg_bit[5] ; clock3       ; clock3      ; 1.000        ; -0.037     ; 0.893      ;
; 0.094  ; lpm_counter:inst11|cntr_grj:auto_generated|counter_reg_bit[2] ; lpm_counter:inst11|cntr_grj:auto_generated|counter_reg_bit[6] ; clock3       ; clock3      ; 1.000        ; -0.037     ; 0.856      ;
; 0.095  ; lpm_counter:inst11|cntr_grj:auto_generated|counter_reg_bit[0] ; lpm_counter:inst11|cntr_grj:auto_generated|counter_reg_bit[4] ; clock3       ; clock3      ; 1.000        ; -0.037     ; 0.855      ;
; 0.110  ; lpm_counter:inst11|cntr_grj:auto_generated|counter_reg_bit[1] ; lpm_counter:inst11|cntr_grj:auto_generated|counter_reg_bit[3] ; clock3       ; clock3      ; 1.000        ; -0.037     ; 0.840      ;
; 0.114  ; lpm_counter:inst11|cntr_grj:auto_generated|counter_reg_bit[1] ; lpm_counter:inst11|cntr_grj:auto_generated|counter_reg_bit[2] ; clock3       ; clock3      ; 1.000        ; -0.037     ; 0.836      ;
; 0.115  ; lpm_counter:inst11|cntr_grj:auto_generated|counter_reg_bit[3] ; lpm_counter:inst11|cntr_grj:auto_generated|counter_reg_bit[5] ; clock3       ; clock3      ; 1.000        ; -0.037     ; 0.835      ;
; 0.119  ; lpm_counter:inst11|cntr_grj:auto_generated|counter_reg_bit[3] ; lpm_counter:inst11|cntr_grj:auto_generated|counter_reg_bit[4] ; clock3       ; clock3      ; 1.000        ; -0.037     ; 0.831      ;
; 0.121  ; lpm_counter:inst11|cntr_grj:auto_generated|counter_reg_bit[5] ; lpm_counter:inst11|cntr_grj:auto_generated|counter_reg_bit[7] ; clock3       ; clock3      ; 1.000        ; -0.037     ; 0.829      ;
; 0.124  ; lpm_counter:inst11|cntr_grj:auto_generated|counter_reg_bit[2] ; lpm_counter:inst11|cntr_grj:auto_generated|counter_reg_bit[5] ; clock3       ; clock3      ; 1.000        ; -0.037     ; 0.826      ;
; 0.125  ; lpm_counter:inst11|cntr_grj:auto_generated|counter_reg_bit[5] ; lpm_counter:inst11|cntr_grj:auto_generated|counter_reg_bit[6] ; clock3       ; clock3      ; 1.000        ; -0.037     ; 0.825      ;
; 0.125  ; lpm_counter:inst11|cntr_grj:auto_generated|counter_reg_bit[0] ; lpm_counter:inst11|cntr_grj:auto_generated|counter_reg_bit[3] ; clock3       ; clock3      ; 1.000        ; -0.037     ; 0.825      ;
; 0.131  ; lpm_counter:inst11|cntr_grj:auto_generated|counter_reg_bit[4] ; lpm_counter:inst11|cntr_grj:auto_generated|counter_reg_bit[7] ; clock3       ; clock3      ; 1.000        ; -0.037     ; 0.819      ;
; 0.162  ; lpm_counter:inst11|cntr_grj:auto_generated|counter_reg_bit[2] ; lpm_counter:inst11|cntr_grj:auto_generated|counter_reg_bit[4] ; clock3       ; clock3      ; 1.000        ; -0.037     ; 0.788      ;
; 0.163  ; lpm_counter:inst11|cntr_grj:auto_generated|counter_reg_bit[0] ; lpm_counter:inst11|cntr_grj:auto_generated|counter_reg_bit[2] ; clock3       ; clock3      ; 1.000        ; -0.037     ; 0.787      ;
; 0.168  ; lpm_counter:inst11|cntr_grj:auto_generated|counter_reg_bit[4] ; lpm_counter:inst11|cntr_grj:auto_generated|counter_reg_bit[6] ; clock3       ; clock3      ; 1.000        ; -0.037     ; 0.782      ;
; 0.192  ; lpm_counter:inst11|cntr_grj:auto_generated|counter_reg_bit[2] ; lpm_counter:inst11|cntr_grj:auto_generated|counter_reg_bit[3] ; clock3       ; clock3      ; 1.000        ; -0.037     ; 0.758      ;
; 0.193  ; lpm_counter:inst11|cntr_grj:auto_generated|counter_reg_bit[0] ; lpm_counter:inst11|cntr_grj:auto_generated|counter_reg_bit[1] ; clock3       ; clock3      ; 1.000        ; -0.037     ; 0.757      ;
; 0.199  ; lpm_counter:inst11|cntr_grj:auto_generated|counter_reg_bit[6] ; lpm_counter:inst11|cntr_grj:auto_generated|counter_reg_bit[7] ; clock3       ; clock3      ; 1.000        ; -0.037     ; 0.751      ;
; 0.199  ; lpm_counter:inst11|cntr_grj:auto_generated|counter_reg_bit[4] ; lpm_counter:inst11|cntr_grj:auto_generated|counter_reg_bit[5] ; clock3       ; clock3      ; 1.000        ; -0.037     ; 0.751      ;
; 0.397  ; lpm_counter:inst11|cntr_grj:auto_generated|counter_reg_bit[2] ; lpm_counter:inst11|cntr_grj:auto_generated|counter_reg_bit[2] ; clock3       ; clock3      ; 1.000        ; -0.037     ; 0.553      ;
; 0.399  ; lpm_counter:inst11|cntr_grj:auto_generated|counter_reg_bit[0] ; lpm_counter:inst11|cntr_grj:auto_generated|counter_reg_bit[0] ; clock3       ; clock3      ; 1.000        ; -0.037     ; 0.551      ;
; 0.403  ; lpm_counter:inst11|cntr_grj:auto_generated|counter_reg_bit[6] ; lpm_counter:inst11|cntr_grj:auto_generated|counter_reg_bit[6] ; clock3       ; clock3      ; 1.000        ; -0.037     ; 0.547      ;
; 0.403  ; lpm_counter:inst11|cntr_grj:auto_generated|counter_reg_bit[4] ; lpm_counter:inst11|cntr_grj:auto_generated|counter_reg_bit[4] ; clock3       ; clock3      ; 1.000        ; -0.037     ; 0.547      ;
; 0.407  ; lpm_counter:inst11|cntr_grj:auto_generated|counter_reg_bit[1] ; lpm_counter:inst11|cntr_grj:auto_generated|counter_reg_bit[1] ; clock3       ; clock3      ; 1.000        ; -0.037     ; 0.543      ;
; 0.412  ; lpm_counter:inst11|cntr_grj:auto_generated|counter_reg_bit[3] ; lpm_counter:inst11|cntr_grj:auto_generated|counter_reg_bit[3] ; clock3       ; clock3      ; 1.000        ; -0.037     ; 0.538      ;
; 0.417  ; lpm_counter:inst11|cntr_grj:auto_generated|counter_reg_bit[5] ; lpm_counter:inst11|cntr_grj:auto_generated|counter_reg_bit[5] ; clock3       ; clock3      ; 1.000        ; -0.037     ; 0.533      ;
; 0.572  ; lpm_counter:inst11|cntr_grj:auto_generated|counter_reg_bit[7] ; lpm_counter:inst11|cntr_grj:auto_generated|counter_reg_bit[7] ; clock3       ; clock3      ; 1.000        ; -0.037     ; 0.378      ;
+--------+---------------------------------------------------------------+---------------------------------------------------------------+--------------+-------------+--------------+------------+------------+


+--------------------------------------------------------------------------------------------------------------------------------------------+
; Fast 1200mV 0C Model Setup: 'debounce:inst4|inst1'                                                                                         ;
+-------+----------------------+----------------------+----------------------+----------------------+--------------+------------+------------+
; Slack ; From Node            ; To Node              ; Launch Clock         ; Latch Clock          ; Relationship ; Clock Skew ; Data Delay ;
+-------+----------------------+----------------------+----------------------+----------------------+--------------+------------+------------+
; 0.403 ; contador:inst5|inst  ; contador:inst5|inst2 ; debounce:inst4|inst1 ; debounce:inst4|inst1 ; 1.000        ; -0.037     ; 0.547      ;
; 0.413 ; contador:inst5|inst1 ; contador:inst5|inst3 ; debounce:inst4|inst1 ; debounce:inst4|inst1 ; 1.000        ; -0.037     ; 0.537      ;
; 0.425 ; contador:inst5|inst2 ; contador:inst5|inst3 ; debounce:inst4|inst1 ; debounce:inst4|inst1 ; 1.000        ; -0.037     ; 0.525      ;
; 0.541 ; contador:inst5|inst  ; contador:inst5|inst1 ; debounce:inst4|inst1 ; debounce:inst4|inst1 ; 1.000        ; -0.037     ; 0.409      ;
; 0.544 ; contador:inst5|inst  ; contador:inst5|inst3 ; debounce:inst4|inst1 ; debounce:inst4|inst1 ; 1.000        ; -0.037     ; 0.406      ;
; 0.550 ; contador:inst5|inst1 ; contador:inst5|inst2 ; debounce:inst4|inst1 ; debounce:inst4|inst1 ; 1.000        ; -0.037     ; 0.400      ;
; 0.591 ; contador:inst5|inst  ; contador:inst5|inst  ; debounce:inst4|inst1 ; debounce:inst4|inst1 ; 1.000        ; -0.037     ; 0.359      ;
; 0.591 ; contador:inst5|inst2 ; contador:inst5|inst2 ; debounce:inst4|inst1 ; debounce:inst4|inst1 ; 1.000        ; -0.037     ; 0.359      ;
; 0.591 ; contador:inst5|inst3 ; contador:inst5|inst3 ; debounce:inst4|inst1 ; debounce:inst4|inst1 ; 1.000        ; -0.037     ; 0.359      ;
; 0.591 ; contador:inst5|inst1 ; contador:inst5|inst1 ; debounce:inst4|inst1 ; debounce:inst4|inst1 ; 1.000        ; -0.037     ; 0.359      ;
+-------+----------------------+----------------------+----------------------+----------------------+--------------+------------+------------+


+--------------------------------------------------------------------------------------------------------------------------------------------+
; Fast 1200mV 0C Model Setup: 'debounce:inst3|inst1'                                                                                         ;
+-------+----------------------+----------------------+----------------------+----------------------+--------------+------------+------------+
; Slack ; From Node            ; To Node              ; Launch Clock         ; Latch Clock          ; Relationship ; Clock Skew ; Data Delay ;
+-------+----------------------+----------------------+----------------------+----------------------+--------------+------------+------------+
; 0.410 ; contador:inst7|inst1 ; contador:inst7|inst2 ; debounce:inst3|inst1 ; debounce:inst3|inst1 ; 1.000        ; -0.037     ; 0.540      ;
; 0.412 ; contador:inst7|inst1 ; contador:inst7|inst3 ; debounce:inst3|inst1 ; debounce:inst3|inst1 ; 1.000        ; -0.037     ; 0.538      ;
; 0.417 ; contador:inst7|inst  ; contador:inst7|inst3 ; debounce:inst3|inst1 ; debounce:inst3|inst1 ; 1.000        ; -0.037     ; 0.533      ;
; 0.472 ; contador:inst7|inst  ; contador:inst7|inst1 ; debounce:inst3|inst1 ; debounce:inst3|inst1 ; 1.000        ; -0.037     ; 0.478      ;
; 0.476 ; contador:inst7|inst  ; contador:inst7|inst2 ; debounce:inst3|inst1 ; debounce:inst3|inst1 ; 1.000        ; -0.037     ; 0.474      ;
; 0.564 ; contador:inst7|inst2 ; contador:inst7|inst3 ; debounce:inst3|inst1 ; debounce:inst3|inst1 ; 1.000        ; -0.037     ; 0.386      ;
; 0.591 ; contador:inst7|inst  ; contador:inst7|inst  ; debounce:inst3|inst1 ; debounce:inst3|inst1 ; 1.000        ; -0.037     ; 0.359      ;
; 0.591 ; contador:inst7|inst2 ; contador:inst7|inst2 ; debounce:inst3|inst1 ; debounce:inst3|inst1 ; 1.000        ; -0.037     ; 0.359      ;
; 0.591 ; contador:inst7|inst3 ; contador:inst7|inst3 ; debounce:inst3|inst1 ; debounce:inst3|inst1 ; 1.000        ; -0.037     ; 0.359      ;
; 0.591 ; contador:inst7|inst1 ; contador:inst7|inst1 ; debounce:inst3|inst1 ; debounce:inst3|inst1 ; 1.000        ; -0.037     ; 0.359      ;
+-------+----------------------+----------------------+----------------------+----------------------+--------------+------------+------------+


+---------------------------------------------------------------------------------------------------------------------------------------+
; Fast 1200mV 0C Model Setup: 'inst9'                                                                                                   ;
+-------+----------------------------+----------------------------+--------------+-------------+--------------+------------+------------+
; Slack ; From Node                  ; To Node                    ; Launch Clock ; Latch Clock ; Relationship ; Clock Skew ; Data Delay ;
+-------+----------------------------+----------------------------+--------------+-------------+--------------+------------+------------+
; 0.552 ; seven_segment:inst20|inst  ; seven_segment:inst20|inst1 ; inst9        ; inst9       ; 1.000        ; -0.037     ; 0.398      ;
; 0.591 ; seven_segment:inst20|inst  ; seven_segment:inst20|inst  ; inst9        ; inst9       ; 1.000        ; -0.037     ; 0.359      ;
; 0.591 ; seven_segment:inst20|inst1 ; seven_segment:inst20|inst1 ; inst9        ; inst9       ; 1.000        ; -0.037     ; 0.359      ;
+-------+----------------------------+----------------------------+--------------+-------------+--------------+------------+------------+


+--------------------------------------------------------------------------------------------------------------------------------------------+
; Fast 1200mV 0C Model Hold: 'debounce:inst3|inst1'                                                                                          ;
+-------+----------------------+----------------------+----------------------+----------------------+--------------+------------+------------+
; Slack ; From Node            ; To Node              ; Launch Clock         ; Latch Clock          ; Relationship ; Clock Skew ; Data Delay ;
+-------+----------------------+----------------------+----------------------+----------------------+--------------+------------+------------+
; 0.186 ; contador:inst7|inst3 ; contador:inst7|inst3 ; debounce:inst3|inst1 ; debounce:inst3|inst1 ; 0.000        ; 0.037      ; 0.307      ;
; 0.186 ; contador:inst7|inst2 ; contador:inst7|inst2 ; debounce:inst3|inst1 ; debounce:inst3|inst1 ; 0.000        ; 0.037      ; 0.307      ;
; 0.186 ; contador:inst7|inst1 ; contador:inst7|inst1 ; debounce:inst3|inst1 ; debounce:inst3|inst1 ; 0.000        ; 0.037      ; 0.307      ;
; 0.193 ; contador:inst7|inst  ; contador:inst7|inst  ; debounce:inst3|inst1 ; debounce:inst3|inst1 ; 0.000        ; 0.037      ; 0.314      ;
; 0.202 ; contador:inst7|inst2 ; contador:inst7|inst3 ; debounce:inst3|inst1 ; debounce:inst3|inst1 ; 0.000        ; 0.037      ; 0.323      ;
; 0.281 ; contador:inst7|inst  ; contador:inst7|inst2 ; debounce:inst3|inst1 ; debounce:inst3|inst1 ; 0.000        ; 0.037      ; 0.402      ;
; 0.284 ; contador:inst7|inst  ; contador:inst7|inst1 ; debounce:inst3|inst1 ; debounce:inst3|inst1 ; 0.000        ; 0.037      ; 0.405      ;
; 0.311 ; contador:inst7|inst  ; contador:inst7|inst3 ; debounce:inst3|inst1 ; debounce:inst3|inst1 ; 0.000        ; 0.037      ; 0.432      ;
; 0.315 ; contador:inst7|inst1 ; contador:inst7|inst3 ; debounce:inst3|inst1 ; debounce:inst3|inst1 ; 0.000        ; 0.037      ; 0.436      ;
; 0.317 ; contador:inst7|inst1 ; contador:inst7|inst2 ; debounce:inst3|inst1 ; debounce:inst3|inst1 ; 0.000        ; 0.037      ; 0.438      ;
+-------+----------------------+----------------------+----------------------+----------------------+--------------+------------+------------+


+--------------------------------------------------------------------------------------------------------------------------------------------+
; Fast 1200mV 0C Model Hold: 'debounce:inst4|inst1'                                                                                          ;
+-------+----------------------+----------------------+----------------------+----------------------+--------------+------------+------------+
; Slack ; From Node            ; To Node              ; Launch Clock         ; Latch Clock          ; Relationship ; Clock Skew ; Data Delay ;
+-------+----------------------+----------------------+----------------------+----------------------+--------------+------------+------------+
; 0.186 ; contador:inst5|inst1 ; contador:inst5|inst1 ; debounce:inst4|inst1 ; debounce:inst4|inst1 ; 0.000        ; 0.037      ; 0.307      ;
; 0.186 ; contador:inst5|inst2 ; contador:inst5|inst2 ; debounce:inst4|inst1 ; debounce:inst4|inst1 ; 0.000        ; 0.037      ; 0.307      ;
; 0.186 ; contador:inst5|inst3 ; contador:inst5|inst3 ; debounce:inst4|inst1 ; debounce:inst4|inst1 ; 0.000        ; 0.037      ; 0.307      ;
; 0.193 ; contador:inst5|inst  ; contador:inst5|inst  ; debounce:inst4|inst1 ; debounce:inst4|inst1 ; 0.000        ; 0.037      ; 0.314      ;
; 0.214 ; contador:inst5|inst1 ; contador:inst5|inst2 ; debounce:inst4|inst1 ; debounce:inst4|inst1 ; 0.000        ; 0.037      ; 0.335      ;
; 0.218 ; contador:inst5|inst  ; contador:inst5|inst3 ; debounce:inst4|inst1 ; debounce:inst4|inst1 ; 0.000        ; 0.037      ; 0.339      ;
; 0.220 ; contador:inst5|inst  ; contador:inst5|inst1 ; debounce:inst4|inst1 ; debounce:inst4|inst1 ; 0.000        ; 0.037      ; 0.341      ;
; 0.306 ; contador:inst5|inst2 ; contador:inst5|inst3 ; debounce:inst4|inst1 ; debounce:inst4|inst1 ; 0.000        ; 0.037      ; 0.427      ;
; 0.314 ; contador:inst5|inst1 ; contador:inst5|inst3 ; debounce:inst4|inst1 ; debounce:inst4|inst1 ; 0.000        ; 0.037      ; 0.435      ;
; 0.321 ; contador:inst5|inst  ; contador:inst5|inst2 ; debounce:inst4|inst1 ; debounce:inst4|inst1 ; 0.000        ; 0.037      ; 0.442      ;
+-------+----------------------+----------------------+----------------------+----------------------+--------------+------------+------------+


+---------------------------------------------------------------------------------------------------------------------------------------+
; Fast 1200mV 0C Model Hold: 'inst9'                                                                                                    ;
+-------+----------------------------+----------------------------+--------------+-------------+--------------+------------+------------+
; Slack ; From Node                  ; To Node                    ; Launch Clock ; Latch Clock ; Relationship ; Clock Skew ; Data Delay ;
+-------+----------------------------+----------------------------+--------------+-------------+--------------+------------+------------+
; 0.186 ; seven_segment:inst20|inst1 ; seven_segment:inst20|inst1 ; inst9        ; inst9       ; 0.000        ; 0.037      ; 0.307      ;
; 0.193 ; seven_segment:inst20|inst  ; seven_segment:inst20|inst  ; inst9        ; inst9       ; 0.000        ; 0.037      ; 0.314      ;
; 0.217 ; seven_segment:inst20|inst  ; seven_segment:inst20|inst1 ; inst9        ; inst9       ; 0.000        ; 0.037      ; 0.338      ;
+-------+----------------------------+----------------------------+--------------+-------------+--------------+------------+------------+


+-------------------------------------------------------------------------------------------------------------------------------------------------------------------------------------------------------------+
; Fast 1200mV 0C Model Hold: 'clock3'                                                                                                                                                                         ;
+-------+---------------------------------------------------------------+---------------------------------------------------------------+--------------+-------------+--------------+------------+------------+
; Slack ; From Node                                                     ; To Node                                                       ; Launch Clock ; Latch Clock ; Relationship ; Clock Skew ; Data Delay ;
+-------+---------------------------------------------------------------+---------------------------------------------------------------+--------------+-------------+--------------+------------+------------+
; 0.196 ; lpm_counter:inst11|cntr_grj:auto_generated|counter_reg_bit[7] ; lpm_counter:inst11|cntr_grj:auto_generated|counter_reg_bit[7] ; clock3       ; clock3      ; 0.000        ; 0.037      ; 0.317      ;
; 0.297 ; lpm_counter:inst11|cntr_grj:auto_generated|counter_reg_bit[5] ; lpm_counter:inst11|cntr_grj:auto_generated|counter_reg_bit[5] ; clock3       ; clock3      ; 0.000        ; 0.037      ; 0.418      ;
; 0.299 ; lpm_counter:inst11|cntr_grj:auto_generated|counter_reg_bit[6] ; lpm_counter:inst11|cntr_grj:auto_generated|counter_reg_bit[6] ; clock3       ; clock3      ; 0.000        ; 0.037      ; 0.420      ;
; 0.299 ; lpm_counter:inst11|cntr_grj:auto_generated|counter_reg_bit[4] ; lpm_counter:inst11|cntr_grj:auto_generated|counter_reg_bit[4] ; clock3       ; clock3      ; 0.000        ; 0.037      ; 0.420      ;
; 0.299 ; lpm_counter:inst11|cntr_grj:auto_generated|counter_reg_bit[3] ; lpm_counter:inst11|cntr_grj:auto_generated|counter_reg_bit[3] ; clock3       ; clock3      ; 0.000        ; 0.037      ; 0.420      ;
; 0.305 ; lpm_counter:inst11|cntr_grj:auto_generated|counter_reg_bit[2] ; lpm_counter:inst11|cntr_grj:auto_generated|counter_reg_bit[2] ; clock3       ; clock3      ; 0.000        ; 0.037      ; 0.426      ;
; 0.305 ; lpm_counter:inst11|cntr_grj:auto_generated|counter_reg_bit[1] ; lpm_counter:inst11|cntr_grj:auto_generated|counter_reg_bit[1] ; clock3       ; clock3      ; 0.000        ; 0.037      ; 0.426      ;
; 0.316 ; lpm_counter:inst11|cntr_grj:auto_generated|counter_reg_bit[0] ; lpm_counter:inst11|cntr_grj:auto_generated|counter_reg_bit[0] ; clock3       ; clock3      ; 0.000        ; 0.037      ; 0.437      ;
; 0.446 ; lpm_counter:inst11|cntr_grj:auto_generated|counter_reg_bit[5] ; lpm_counter:inst11|cntr_grj:auto_generated|counter_reg_bit[6] ; clock3       ; clock3      ; 0.000        ; 0.037      ; 0.567      ;
; 0.448 ; lpm_counter:inst11|cntr_grj:auto_generated|counter_reg_bit[3] ; lpm_counter:inst11|cntr_grj:auto_generated|counter_reg_bit[4] ; clock3       ; clock3      ; 0.000        ; 0.037      ; 0.569      ;
; 0.454 ; lpm_counter:inst11|cntr_grj:auto_generated|counter_reg_bit[1] ; lpm_counter:inst11|cntr_grj:auto_generated|counter_reg_bit[2] ; clock3       ; clock3      ; 0.000        ; 0.037      ; 0.575      ;
; 0.457 ; lpm_counter:inst11|cntr_grj:auto_generated|counter_reg_bit[6] ; lpm_counter:inst11|cntr_grj:auto_generated|counter_reg_bit[7] ; clock3       ; clock3      ; 0.000        ; 0.037      ; 0.578      ;
; 0.457 ; lpm_counter:inst11|cntr_grj:auto_generated|counter_reg_bit[4] ; lpm_counter:inst11|cntr_grj:auto_generated|counter_reg_bit[5] ; clock3       ; clock3      ; 0.000        ; 0.037      ; 0.578      ;
; 0.460 ; lpm_counter:inst11|cntr_grj:auto_generated|counter_reg_bit[4] ; lpm_counter:inst11|cntr_grj:auto_generated|counter_reg_bit[6] ; clock3       ; clock3      ; 0.000        ; 0.037      ; 0.581      ;
; 0.463 ; lpm_counter:inst11|cntr_grj:auto_generated|counter_reg_bit[2] ; lpm_counter:inst11|cntr_grj:auto_generated|counter_reg_bit[3] ; clock3       ; clock3      ; 0.000        ; 0.037      ; 0.584      ;
; 0.463 ; lpm_counter:inst11|cntr_grj:auto_generated|counter_reg_bit[0] ; lpm_counter:inst11|cntr_grj:auto_generated|counter_reg_bit[1] ; clock3       ; clock3      ; 0.000        ; 0.037      ; 0.584      ;
; 0.466 ; lpm_counter:inst11|cntr_grj:auto_generated|counter_reg_bit[2] ; lpm_counter:inst11|cntr_grj:auto_generated|counter_reg_bit[4] ; clock3       ; clock3      ; 0.000        ; 0.037      ; 0.587      ;
; 0.466 ; lpm_counter:inst11|cntr_grj:auto_generated|counter_reg_bit[0] ; lpm_counter:inst11|cntr_grj:auto_generated|counter_reg_bit[2] ; clock3       ; clock3      ; 0.000        ; 0.037      ; 0.587      ;
; 0.509 ; lpm_counter:inst11|cntr_grj:auto_generated|counter_reg_bit[5] ; lpm_counter:inst11|cntr_grj:auto_generated|counter_reg_bit[7] ; clock3       ; clock3      ; 0.000        ; 0.037      ; 0.630      ;
; 0.511 ; lpm_counter:inst11|cntr_grj:auto_generated|counter_reg_bit[3] ; lpm_counter:inst11|cntr_grj:auto_generated|counter_reg_bit[5] ; clock3       ; clock3      ; 0.000        ; 0.037      ; 0.632      ;
; 0.514 ; lpm_counter:inst11|cntr_grj:auto_generated|counter_reg_bit[3] ; lpm_counter:inst11|cntr_grj:auto_generated|counter_reg_bit[6] ; clock3       ; clock3      ; 0.000        ; 0.037      ; 0.635      ;
; 0.517 ; lpm_counter:inst11|cntr_grj:auto_generated|counter_reg_bit[1] ; lpm_counter:inst11|cntr_grj:auto_generated|counter_reg_bit[3] ; clock3       ; clock3      ; 0.000        ; 0.037      ; 0.638      ;
; 0.520 ; lpm_counter:inst11|cntr_grj:auto_generated|counter_reg_bit[1] ; lpm_counter:inst11|cntr_grj:auto_generated|counter_reg_bit[4] ; clock3       ; clock3      ; 0.000        ; 0.037      ; 0.641      ;
; 0.523 ; lpm_counter:inst11|cntr_grj:auto_generated|counter_reg_bit[4] ; lpm_counter:inst11|cntr_grj:auto_generated|counter_reg_bit[7] ; clock3       ; clock3      ; 0.000        ; 0.037      ; 0.644      ;
; 0.529 ; lpm_counter:inst11|cntr_grj:auto_generated|counter_reg_bit[2] ; lpm_counter:inst11|cntr_grj:auto_generated|counter_reg_bit[5] ; clock3       ; clock3      ; 0.000        ; 0.037      ; 0.650      ;
; 0.529 ; lpm_counter:inst11|cntr_grj:auto_generated|counter_reg_bit[0] ; lpm_counter:inst11|cntr_grj:auto_generated|counter_reg_bit[3] ; clock3       ; clock3      ; 0.000        ; 0.037      ; 0.650      ;
; 0.532 ; lpm_counter:inst11|cntr_grj:auto_generated|counter_reg_bit[2] ; lpm_counter:inst11|cntr_grj:auto_generated|counter_reg_bit[6] ; clock3       ; clock3      ; 0.000        ; 0.037      ; 0.653      ;
; 0.532 ; lpm_counter:inst11|cntr_grj:auto_generated|counter_reg_bit[0] ; lpm_counter:inst11|cntr_grj:auto_generated|counter_reg_bit[4] ; clock3       ; clock3      ; 0.000        ; 0.037      ; 0.653      ;
; 0.577 ; lpm_counter:inst11|cntr_grj:auto_generated|counter_reg_bit[3] ; lpm_counter:inst11|cntr_grj:auto_generated|counter_reg_bit[7] ; clock3       ; clock3      ; 0.000        ; 0.037      ; 0.698      ;
; 0.583 ; lpm_counter:inst11|cntr_grj:auto_generated|counter_reg_bit[1] ; lpm_counter:inst11|cntr_grj:auto_generated|counter_reg_bit[5] ; clock3       ; clock3      ; 0.000        ; 0.037      ; 0.704      ;
; 0.586 ; lpm_counter:inst11|cntr_grj:auto_generated|counter_reg_bit[1] ; lpm_counter:inst11|cntr_grj:auto_generated|counter_reg_bit[6] ; clock3       ; clock3      ; 0.000        ; 0.037      ; 0.707      ;
; 0.595 ; lpm_counter:inst11|cntr_grj:auto_generated|counter_reg_bit[2] ; lpm_counter:inst11|cntr_grj:auto_generated|counter_reg_bit[7] ; clock3       ; clock3      ; 0.000        ; 0.037      ; 0.716      ;
; 0.595 ; lpm_counter:inst11|cntr_grj:auto_generated|counter_reg_bit[0] ; lpm_counter:inst11|cntr_grj:auto_generated|counter_reg_bit[5] ; clock3       ; clock3      ; 0.000        ; 0.037      ; 0.716      ;
; 0.598 ; lpm_counter:inst11|cntr_grj:auto_generated|counter_reg_bit[0] ; lpm_counter:inst11|cntr_grj:auto_generated|counter_reg_bit[6] ; clock3       ; clock3      ; 0.000        ; 0.037      ; 0.719      ;
; 0.649 ; lpm_counter:inst11|cntr_grj:auto_generated|counter_reg_bit[1] ; lpm_counter:inst11|cntr_grj:auto_generated|counter_reg_bit[7] ; clock3       ; clock3      ; 0.000        ; 0.037      ; 0.770      ;
; 0.661 ; lpm_counter:inst11|cntr_grj:auto_generated|counter_reg_bit[0] ; lpm_counter:inst11|cntr_grj:auto_generated|counter_reg_bit[7] ; clock3       ; clock3      ; 0.000        ; 0.037      ; 0.782      ;
+-------+---------------------------------------------------------------+---------------------------------------------------------------+--------------+-------------+--------------+------------+------------+


+-------------------------------------------------------------------------------------------------------------------------------------------------------------------------------------------------------------+
; Fast 1200mV 0C Model Hold: 'clock'                                                                                                                                                                          ;
+-------+---------------------------------------------------------------+---------------------------------------------------------------+--------------+-------------+--------------+------------+------------+
; Slack ; From Node                                                     ; To Node                                                       ; Launch Clock ; Latch Clock ; Relationship ; Clock Skew ; Data Delay ;
+-------+---------------------------------------------------------------+---------------------------------------------------------------+--------------+-------------+--------------+------------+------------+
; 0.267 ; inst1                                                         ; inst1                                                         ; inst1        ; clock       ; 0.000        ; 1.190      ; 1.676      ;
; 0.294 ; lpm_counter:inst|cntr_tmj:auto_generated|counter_reg_bit[9]   ; lpm_counter:inst|cntr_tmj:auto_generated|counter_reg_bit[9]   ; clock        ; clock       ; 0.000        ; 0.037      ; 0.415      ;
; 0.295 ; lpm_counter:inst|cntr_tmj:auto_generated|counter_reg_bit[13]  ; lpm_counter:inst|cntr_tmj:auto_generated|counter_reg_bit[13]  ; clock        ; clock       ; 0.000        ; 0.037      ; 0.416      ;
; 0.296 ; lpm_counter:inst|cntr_tmj:auto_generated|counter_reg_bit[7]   ; lpm_counter:inst|cntr_tmj:auto_generated|counter_reg_bit[7]   ; clock        ; clock       ; 0.000        ; 0.037      ; 0.417      ;
; 0.296 ; lpm_counter:inst|cntr_tmj:auto_generated|counter_reg_bit[11]  ; lpm_counter:inst|cntr_tmj:auto_generated|counter_reg_bit[11]  ; clock        ; clock       ; 0.000        ; 0.037      ; 0.417      ;
; 0.296 ; lpm_counter:inst8|cntr_ojj:auto_generated|counter_reg_bit[1]  ; lpm_counter:inst8|cntr_ojj:auto_generated|counter_reg_bit[1]  ; clock        ; clock       ; 0.000        ; 0.036      ; 0.416      ;
; 0.296 ; lpm_counter:inst8|cntr_ojj:auto_generated|counter_reg_bit[5]  ; lpm_counter:inst8|cntr_ojj:auto_generated|counter_reg_bit[5]  ; clock        ; clock       ; 0.000        ; 0.036      ; 0.416      ;
; 0.297 ; lpm_counter:inst|cntr_tmj:auto_generated|counter_reg_bit[1]   ; lpm_counter:inst|cntr_tmj:auto_generated|counter_reg_bit[1]   ; clock        ; clock       ; 0.000        ; 0.037      ; 0.418      ;
; 0.297 ; lpm_counter:inst|cntr_tmj:auto_generated|counter_reg_bit[5]   ; lpm_counter:inst|cntr_tmj:auto_generated|counter_reg_bit[5]   ; clock        ; clock       ; 0.000        ; 0.037      ; 0.418      ;
; 0.297 ; lpm_counter:inst|cntr_tmj:auto_generated|counter_reg_bit[6]   ; lpm_counter:inst|cntr_tmj:auto_generated|counter_reg_bit[6]   ; clock        ; clock       ; 0.000        ; 0.037      ; 0.418      ;
; 0.297 ; lpm_counter:inst|cntr_tmj:auto_generated|counter_reg_bit[8]   ; lpm_counter:inst|cntr_tmj:auto_generated|counter_reg_bit[8]   ; clock        ; clock       ; 0.000        ; 0.037      ; 0.418      ;
; 0.297 ; lpm_counter:inst|cntr_tmj:auto_generated|counter_reg_bit[15]  ; lpm_counter:inst|cntr_tmj:auto_generated|counter_reg_bit[15]  ; clock        ; clock       ; 0.000        ; 0.037      ; 0.418      ;
; 0.297 ; lpm_counter:inst8|cntr_ojj:auto_generated|counter_reg_bit[3]  ; lpm_counter:inst8|cntr_ojj:auto_generated|counter_reg_bit[3]  ; clock        ; clock       ; 0.000        ; 0.036      ; 0.417      ;
; 0.298 ; lpm_counter:inst|cntr_tmj:auto_generated|counter_reg_bit[18]  ; lpm_counter:inst|cntr_tmj:auto_generated|counter_reg_bit[18]  ; clock        ; clock       ; 0.000        ; 0.037      ; 0.419      ;
; 0.298 ; lpm_counter:inst|cntr_tmj:auto_generated|counter_reg_bit[2]   ; lpm_counter:inst|cntr_tmj:auto_generated|counter_reg_bit[2]   ; clock        ; clock       ; 0.000        ; 0.037      ; 0.419      ;
; 0.298 ; lpm_counter:inst|cntr_tmj:auto_generated|counter_reg_bit[4]   ; lpm_counter:inst|cntr_tmj:auto_generated|counter_reg_bit[4]   ; clock        ; clock       ; 0.000        ; 0.037      ; 0.419      ;
; 0.298 ; lpm_counter:inst|cntr_tmj:auto_generated|counter_reg_bit[17]  ; lpm_counter:inst|cntr_tmj:auto_generated|counter_reg_bit[17]  ; clock        ; clock       ; 0.000        ; 0.037      ; 0.419      ;
; 0.298 ; lpm_counter:inst8|cntr_ojj:auto_generated|counter_reg_bit[7]  ; lpm_counter:inst8|cntr_ojj:auto_generated|counter_reg_bit[7]  ; clock        ; clock       ; 0.000        ; 0.036      ; 0.418      ;
; 0.299 ; lpm_counter:inst|cntr_tmj:auto_generated|counter_reg_bit[14]  ; lpm_counter:inst|cntr_tmj:auto_generated|counter_reg_bit[14]  ; clock        ; clock       ; 0.000        ; 0.037      ; 0.420      ;
; 0.299 ; lpm_counter:inst8|cntr_ojj:auto_generated|counter_reg_bit[2]  ; lpm_counter:inst8|cntr_ojj:auto_generated|counter_reg_bit[2]  ; clock        ; clock       ; 0.000        ; 0.036      ; 0.419      ;
; 0.299 ; lpm_counter:inst8|cntr_ojj:auto_generated|counter_reg_bit[4]  ; lpm_counter:inst8|cntr_ojj:auto_generated|counter_reg_bit[4]  ; clock        ; clock       ; 0.000        ; 0.036      ; 0.419      ;
; 0.299 ; lpm_counter:inst8|cntr_ojj:auto_generated|counter_reg_bit[6]  ; lpm_counter:inst8|cntr_ojj:auto_generated|counter_reg_bit[6]  ; clock        ; clock       ; 0.000        ; 0.036      ; 0.419      ;
; 0.304 ; lpm_counter:inst|cntr_tmj:auto_generated|counter_reg_bit[3]   ; lpm_counter:inst|cntr_tmj:auto_generated|counter_reg_bit[3]   ; clock        ; clock       ; 0.000        ; 0.037      ; 0.425      ;
; 0.304 ; lpm_counter:inst|cntr_tmj:auto_generated|counter_reg_bit[10]  ; lpm_counter:inst|cntr_tmj:auto_generated|counter_reg_bit[10]  ; clock        ; clock       ; 0.000        ; 0.037      ; 0.425      ;
; 0.304 ; lpm_counter:inst8|cntr_ojj:auto_generated|counter_reg_bit[11] ; lpm_counter:inst8|cntr_ojj:auto_generated|counter_reg_bit[11] ; clock        ; clock       ; 0.000        ; 0.036      ; 0.424      ;
; 0.305 ; lpm_counter:inst|cntr_tmj:auto_generated|counter_reg_bit[12]  ; lpm_counter:inst|cntr_tmj:auto_generated|counter_reg_bit[12]  ; clock        ; clock       ; 0.000        ; 0.037      ; 0.426      ;
; 0.305 ; lpm_counter:inst8|cntr_ojj:auto_generated|counter_reg_bit[9]  ; lpm_counter:inst8|cntr_ojj:auto_generated|counter_reg_bit[9]  ; clock        ; clock       ; 0.000        ; 0.036      ; 0.425      ;
; 0.306 ; lpm_counter:inst8|cntr_ojj:auto_generated|counter_reg_bit[8]  ; lpm_counter:inst8|cntr_ojj:auto_generated|counter_reg_bit[8]  ; clock        ; clock       ; 0.000        ; 0.036      ; 0.426      ;
; 0.306 ; lpm_counter:inst8|cntr_ojj:auto_generated|counter_reg_bit[10] ; lpm_counter:inst8|cntr_ojj:auto_generated|counter_reg_bit[10] ; clock        ; clock       ; 0.000        ; 0.036      ; 0.426      ;
; 0.307 ; lpm_counter:inst|cntr_tmj:auto_generated|counter_reg_bit[0]   ; lpm_counter:inst|cntr_tmj:auto_generated|counter_reg_bit[0]   ; clock        ; clock       ; 0.000        ; 0.037      ; 0.428      ;
; 0.309 ; lpm_counter:inst8|cntr_ojj:auto_generated|counter_reg_bit[0]  ; lpm_counter:inst8|cntr_ojj:auto_generated|counter_reg_bit[0]  ; clock        ; clock       ; 0.000        ; 0.036      ; 0.429      ;
; 0.372 ; lpm_counter:inst|cntr_tmj:auto_generated|counter_reg_bit[16]  ; lpm_counter:inst|cntr_tmj:auto_generated|counter_reg_bit[16]  ; clock        ; clock       ; 0.000        ; 0.037      ; 0.493      ;
; 0.376 ; inst9                                                         ; inst9                                                         ; inst9        ; clock       ; 0.000        ; 1.178      ; 1.773      ;
; 0.443 ; lpm_counter:inst|cntr_tmj:auto_generated|counter_reg_bit[9]   ; lpm_counter:inst|cntr_tmj:auto_generated|counter_reg_bit[10]  ; clock        ; clock       ; 0.000        ; 0.037      ; 0.564      ;
; 0.444 ; lpm_counter:inst|cntr_tmj:auto_generated|counter_reg_bit[13]  ; lpm_counter:inst|cntr_tmj:auto_generated|counter_reg_bit[14]  ; clock        ; clock       ; 0.000        ; 0.037      ; 0.565      ;
; 0.445 ; lpm_counter:inst|cntr_tmj:auto_generated|counter_reg_bit[7]   ; lpm_counter:inst|cntr_tmj:auto_generated|counter_reg_bit[8]   ; clock        ; clock       ; 0.000        ; 0.037      ; 0.566      ;
; 0.445 ; lpm_counter:inst8|cntr_ojj:auto_generated|counter_reg_bit[1]  ; lpm_counter:inst8|cntr_ojj:auto_generated|counter_reg_bit[2]  ; clock        ; clock       ; 0.000        ; 0.036      ; 0.565      ;
; 0.445 ; lpm_counter:inst8|cntr_ojj:auto_generated|counter_reg_bit[5]  ; lpm_counter:inst8|cntr_ojj:auto_generated|counter_reg_bit[6]  ; clock        ; clock       ; 0.000        ; 0.036      ; 0.565      ;
; 0.445 ; lpm_counter:inst|cntr_tmj:auto_generated|counter_reg_bit[11]  ; lpm_counter:inst|cntr_tmj:auto_generated|counter_reg_bit[12]  ; clock        ; clock       ; 0.000        ; 0.037      ; 0.566      ;
; 0.446 ; lpm_counter:inst|cntr_tmj:auto_generated|counter_reg_bit[5]   ; lpm_counter:inst|cntr_tmj:auto_generated|counter_reg_bit[6]   ; clock        ; clock       ; 0.000        ; 0.037      ; 0.567      ;
; 0.446 ; lpm_counter:inst|cntr_tmj:auto_generated|counter_reg_bit[1]   ; lpm_counter:inst|cntr_tmj:auto_generated|counter_reg_bit[2]   ; clock        ; clock       ; 0.000        ; 0.037      ; 0.567      ;
; 0.446 ; lpm_counter:inst8|cntr_ojj:auto_generated|counter_reg_bit[3]  ; lpm_counter:inst8|cntr_ojj:auto_generated|counter_reg_bit[4]  ; clock        ; clock       ; 0.000        ; 0.036      ; 0.566      ;
; 0.446 ; lpm_counter:inst|cntr_tmj:auto_generated|counter_reg_bit[15]  ; lpm_counter:inst|cntr_tmj:auto_generated|counter_reg_bit[16]  ; clock        ; clock       ; 0.000        ; 0.037      ; 0.567      ;
; 0.447 ; lpm_counter:inst|cntr_tmj:auto_generated|counter_reg_bit[17]  ; lpm_counter:inst|cntr_tmj:auto_generated|counter_reg_bit[18]  ; clock        ; clock       ; 0.000        ; 0.037      ; 0.568      ;
; 0.447 ; lpm_counter:inst8|cntr_ojj:auto_generated|counter_reg_bit[7]  ; lpm_counter:inst8|cntr_ojj:auto_generated|counter_reg_bit[8]  ; clock        ; clock       ; 0.000        ; 0.036      ; 0.567      ;
; 0.453 ; lpm_counter:inst|cntr_tmj:auto_generated|counter_reg_bit[3]   ; lpm_counter:inst|cntr_tmj:auto_generated|counter_reg_bit[4]   ; clock        ; clock       ; 0.000        ; 0.037      ; 0.574      ;
; 0.454 ; lpm_counter:inst8|cntr_ojj:auto_generated|counter_reg_bit[9]  ; lpm_counter:inst8|cntr_ojj:auto_generated|counter_reg_bit[10] ; clock        ; clock       ; 0.000        ; 0.036      ; 0.574      ;
; 0.455 ; lpm_counter:inst|cntr_tmj:auto_generated|counter_reg_bit[8]   ; lpm_counter:inst|cntr_tmj:auto_generated|counter_reg_bit[9]   ; clock        ; clock       ; 0.000        ; 0.037      ; 0.576      ;
; 0.455 ; lpm_counter:inst|cntr_tmj:auto_generated|counter_reg_bit[6]   ; lpm_counter:inst|cntr_tmj:auto_generated|counter_reg_bit[7]   ; clock        ; clock       ; 0.000        ; 0.037      ; 0.576      ;
; 0.456 ; lpm_counter:inst8|cntr_ojj:auto_generated|counter_reg_bit[0]  ; lpm_counter:inst8|cntr_ojj:auto_generated|counter_reg_bit[1]  ; clock        ; clock       ; 0.000        ; 0.036      ; 0.576      ;
; 0.456 ; lpm_counter:inst|cntr_tmj:auto_generated|counter_reg_bit[0]   ; lpm_counter:inst|cntr_tmj:auto_generated|counter_reg_bit[1]   ; clock        ; clock       ; 0.000        ; 0.037      ; 0.577      ;
; 0.456 ; lpm_counter:inst|cntr_tmj:auto_generated|counter_reg_bit[4]   ; lpm_counter:inst|cntr_tmj:auto_generated|counter_reg_bit[5]   ; clock        ; clock       ; 0.000        ; 0.037      ; 0.577      ;
; 0.456 ; lpm_counter:inst|cntr_tmj:auto_generated|counter_reg_bit[2]   ; lpm_counter:inst|cntr_tmj:auto_generated|counter_reg_bit[3]   ; clock        ; clock       ; 0.000        ; 0.037      ; 0.577      ;
; 0.457 ; lpm_counter:inst8|cntr_ojj:auto_generated|counter_reg_bit[4]  ; lpm_counter:inst8|cntr_ojj:auto_generated|counter_reg_bit[5]  ; clock        ; clock       ; 0.000        ; 0.036      ; 0.577      ;
; 0.457 ; lpm_counter:inst|cntr_tmj:auto_generated|counter_reg_bit[14]  ; lpm_counter:inst|cntr_tmj:auto_generated|counter_reg_bit[15]  ; clock        ; clock       ; 0.000        ; 0.037      ; 0.578      ;
; 0.457 ; lpm_counter:inst8|cntr_ojj:auto_generated|counter_reg_bit[2]  ; lpm_counter:inst8|cntr_ojj:auto_generated|counter_reg_bit[3]  ; clock        ; clock       ; 0.000        ; 0.036      ; 0.577      ;
; 0.457 ; lpm_counter:inst8|cntr_ojj:auto_generated|counter_reg_bit[6]  ; lpm_counter:inst8|cntr_ojj:auto_generated|counter_reg_bit[7]  ; clock        ; clock       ; 0.000        ; 0.036      ; 0.577      ;
; 0.458 ; lpm_counter:inst|cntr_tmj:auto_generated|counter_reg_bit[8]   ; lpm_counter:inst|cntr_tmj:auto_generated|counter_reg_bit[10]  ; clock        ; clock       ; 0.000        ; 0.037      ; 0.579      ;
; 0.458 ; lpm_counter:inst|cntr_tmj:auto_generated|counter_reg_bit[6]   ; lpm_counter:inst|cntr_tmj:auto_generated|counter_reg_bit[8]   ; clock        ; clock       ; 0.000        ; 0.037      ; 0.579      ;
; 0.459 ; lpm_counter:inst8|cntr_ojj:auto_generated|counter_reg_bit[0]  ; lpm_counter:inst8|cntr_ojj:auto_generated|counter_reg_bit[2]  ; clock        ; clock       ; 0.000        ; 0.036      ; 0.579      ;
; 0.459 ; lpm_counter:inst|cntr_tmj:auto_generated|counter_reg_bit[4]   ; lpm_counter:inst|cntr_tmj:auto_generated|counter_reg_bit[6]   ; clock        ; clock       ; 0.000        ; 0.037      ; 0.580      ;
; 0.459 ; lpm_counter:inst|cntr_tmj:auto_generated|counter_reg_bit[0]   ; lpm_counter:inst|cntr_tmj:auto_generated|counter_reg_bit[2]   ; clock        ; clock       ; 0.000        ; 0.037      ; 0.580      ;
; 0.459 ; lpm_counter:inst|cntr_tmj:auto_generated|counter_reg_bit[2]   ; lpm_counter:inst|cntr_tmj:auto_generated|counter_reg_bit[4]   ; clock        ; clock       ; 0.000        ; 0.037      ; 0.580      ;
; 0.460 ; lpm_counter:inst8|cntr_ojj:auto_generated|counter_reg_bit[4]  ; lpm_counter:inst8|cntr_ojj:auto_generated|counter_reg_bit[6]  ; clock        ; clock       ; 0.000        ; 0.036      ; 0.580      ;
; 0.460 ; lpm_counter:inst8|cntr_ojj:auto_generated|counter_reg_bit[2]  ; lpm_counter:inst8|cntr_ojj:auto_generated|counter_reg_bit[4]  ; clock        ; clock       ; 0.000        ; 0.036      ; 0.580      ;
; 0.460 ; lpm_counter:inst|cntr_tmj:auto_generated|counter_reg_bit[14]  ; lpm_counter:inst|cntr_tmj:auto_generated|counter_reg_bit[16]  ; clock        ; clock       ; 0.000        ; 0.037      ; 0.581      ;
; 0.460 ; lpm_counter:inst8|cntr_ojj:auto_generated|counter_reg_bit[6]  ; lpm_counter:inst8|cntr_ojj:auto_generated|counter_reg_bit[8]  ; clock        ; clock       ; 0.000        ; 0.036      ; 0.580      ;
; 0.462 ; lpm_counter:inst|cntr_tmj:auto_generated|counter_reg_bit[10]  ; lpm_counter:inst|cntr_tmj:auto_generated|counter_reg_bit[11]  ; clock        ; clock       ; 0.000        ; 0.037      ; 0.583      ;
; 0.463 ; lpm_counter:inst|cntr_tmj:auto_generated|counter_reg_bit[12]  ; lpm_counter:inst|cntr_tmj:auto_generated|counter_reg_bit[13]  ; clock        ; clock       ; 0.000        ; 0.037      ; 0.584      ;
; 0.464 ; lpm_counter:inst8|cntr_ojj:auto_generated|counter_reg_bit[10] ; lpm_counter:inst8|cntr_ojj:auto_generated|counter_reg_bit[11] ; clock        ; clock       ; 0.000        ; 0.036      ; 0.584      ;
; 0.464 ; lpm_counter:inst8|cntr_ojj:auto_generated|counter_reg_bit[8]  ; lpm_counter:inst8|cntr_ojj:auto_generated|counter_reg_bit[9]  ; clock        ; clock       ; 0.000        ; 0.036      ; 0.584      ;
; 0.465 ; lpm_counter:inst|cntr_tmj:auto_generated|counter_reg_bit[10]  ; lpm_counter:inst|cntr_tmj:auto_generated|counter_reg_bit[12]  ; clock        ; clock       ; 0.000        ; 0.037      ; 0.586      ;
; 0.466 ; lpm_counter:inst|cntr_tmj:auto_generated|counter_reg_bit[12]  ; lpm_counter:inst|cntr_tmj:auto_generated|counter_reg_bit[14]  ; clock        ; clock       ; 0.000        ; 0.037      ; 0.587      ;
; 0.467 ; lpm_counter:inst8|cntr_ojj:auto_generated|counter_reg_bit[8]  ; lpm_counter:inst8|cntr_ojj:auto_generated|counter_reg_bit[10] ; clock        ; clock       ; 0.000        ; 0.036      ; 0.587      ;
; 0.506 ; lpm_counter:inst|cntr_tmj:auto_generated|counter_reg_bit[9]   ; lpm_counter:inst|cntr_tmj:auto_generated|counter_reg_bit[11]  ; clock        ; clock       ; 0.000        ; 0.037      ; 0.627      ;
; 0.507 ; lpm_counter:inst|cntr_tmj:auto_generated|counter_reg_bit[13]  ; lpm_counter:inst|cntr_tmj:auto_generated|counter_reg_bit[15]  ; clock        ; clock       ; 0.000        ; 0.037      ; 0.628      ;
; 0.508 ; lpm_counter:inst|cntr_tmj:auto_generated|counter_reg_bit[7]   ; lpm_counter:inst|cntr_tmj:auto_generated|counter_reg_bit[9]   ; clock        ; clock       ; 0.000        ; 0.037      ; 0.629      ;
; 0.508 ; lpm_counter:inst8|cntr_ojj:auto_generated|counter_reg_bit[1]  ; lpm_counter:inst8|cntr_ojj:auto_generated|counter_reg_bit[3]  ; clock        ; clock       ; 0.000        ; 0.036      ; 0.628      ;
; 0.508 ; lpm_counter:inst8|cntr_ojj:auto_generated|counter_reg_bit[5]  ; lpm_counter:inst8|cntr_ojj:auto_generated|counter_reg_bit[7]  ; clock        ; clock       ; 0.000        ; 0.036      ; 0.628      ;
; 0.508 ; lpm_counter:inst|cntr_tmj:auto_generated|counter_reg_bit[11]  ; lpm_counter:inst|cntr_tmj:auto_generated|counter_reg_bit[13]  ; clock        ; clock       ; 0.000        ; 0.037      ; 0.629      ;
; 0.509 ; lpm_counter:inst|cntr_tmj:auto_generated|counter_reg_bit[15]  ; lpm_counter:inst|cntr_tmj:auto_generated|counter_reg_bit[17]  ; clock        ; clock       ; 0.000        ; 0.037      ; 0.630      ;
; 0.509 ; lpm_counter:inst|cntr_tmj:auto_generated|counter_reg_bit[5]   ; lpm_counter:inst|cntr_tmj:auto_generated|counter_reg_bit[7]   ; clock        ; clock       ; 0.000        ; 0.037      ; 0.630      ;
; 0.509 ; lpm_counter:inst|cntr_tmj:auto_generated|counter_reg_bit[1]   ; lpm_counter:inst|cntr_tmj:auto_generated|counter_reg_bit[3]   ; clock        ; clock       ; 0.000        ; 0.037      ; 0.630      ;
; 0.509 ; lpm_counter:inst8|cntr_ojj:auto_generated|counter_reg_bit[3]  ; lpm_counter:inst8|cntr_ojj:auto_generated|counter_reg_bit[5]  ; clock        ; clock       ; 0.000        ; 0.036      ; 0.629      ;
; 0.509 ; lpm_counter:inst|cntr_tmj:auto_generated|counter_reg_bit[9]   ; lpm_counter:inst|cntr_tmj:auto_generated|counter_reg_bit[12]  ; clock        ; clock       ; 0.000        ; 0.037      ; 0.630      ;
; 0.510 ; lpm_counter:inst|cntr_tmj:auto_generated|counter_reg_bit[13]  ; lpm_counter:inst|cntr_tmj:auto_generated|counter_reg_bit[16]  ; clock        ; clock       ; 0.000        ; 0.037      ; 0.631      ;
; 0.510 ; lpm_counter:inst8|cntr_ojj:auto_generated|counter_reg_bit[7]  ; lpm_counter:inst8|cntr_ojj:auto_generated|counter_reg_bit[9]  ; clock        ; clock       ; 0.000        ; 0.036      ; 0.630      ;
; 0.511 ; lpm_counter:inst|cntr_tmj:auto_generated|counter_reg_bit[7]   ; lpm_counter:inst|cntr_tmj:auto_generated|counter_reg_bit[10]  ; clock        ; clock       ; 0.000        ; 0.037      ; 0.632      ;
; 0.511 ; lpm_counter:inst8|cntr_ojj:auto_generated|counter_reg_bit[1]  ; lpm_counter:inst8|cntr_ojj:auto_generated|counter_reg_bit[4]  ; clock        ; clock       ; 0.000        ; 0.036      ; 0.631      ;
; 0.511 ; lpm_counter:inst8|cntr_ojj:auto_generated|counter_reg_bit[5]  ; lpm_counter:inst8|cntr_ojj:auto_generated|counter_reg_bit[8]  ; clock        ; clock       ; 0.000        ; 0.036      ; 0.631      ;
; 0.511 ; lpm_counter:inst|cntr_tmj:auto_generated|counter_reg_bit[11]  ; lpm_counter:inst|cntr_tmj:auto_generated|counter_reg_bit[14]  ; clock        ; clock       ; 0.000        ; 0.037      ; 0.632      ;
; 0.512 ; lpm_counter:inst|cntr_tmj:auto_generated|counter_reg_bit[15]  ; lpm_counter:inst|cntr_tmj:auto_generated|counter_reg_bit[18]  ; clock        ; clock       ; 0.000        ; 0.037      ; 0.633      ;
; 0.512 ; lpm_counter:inst|cntr_tmj:auto_generated|counter_reg_bit[5]   ; lpm_counter:inst|cntr_tmj:auto_generated|counter_reg_bit[8]   ; clock        ; clock       ; 0.000        ; 0.037      ; 0.633      ;
; 0.512 ; lpm_counter:inst|cntr_tmj:auto_generated|counter_reg_bit[1]   ; lpm_counter:inst|cntr_tmj:auto_generated|counter_reg_bit[4]   ; clock        ; clock       ; 0.000        ; 0.037      ; 0.633      ;
; 0.512 ; lpm_counter:inst8|cntr_ojj:auto_generated|counter_reg_bit[3]  ; lpm_counter:inst8|cntr_ojj:auto_generated|counter_reg_bit[6]  ; clock        ; clock       ; 0.000        ; 0.036      ; 0.632      ;
; 0.513 ; lpm_counter:inst8|cntr_ojj:auto_generated|counter_reg_bit[7]  ; lpm_counter:inst8|cntr_ojj:auto_generated|counter_reg_bit[10] ; clock        ; clock       ; 0.000        ; 0.036      ; 0.633      ;
; 0.516 ; lpm_counter:inst|cntr_tmj:auto_generated|counter_reg_bit[3]   ; lpm_counter:inst|cntr_tmj:auto_generated|counter_reg_bit[5]   ; clock        ; clock       ; 0.000        ; 0.037      ; 0.637      ;
; 0.517 ; lpm_counter:inst8|cntr_ojj:auto_generated|counter_reg_bit[9]  ; lpm_counter:inst8|cntr_ojj:auto_generated|counter_reg_bit[11] ; clock        ; clock       ; 0.000        ; 0.036      ; 0.637      ;
; 0.519 ; lpm_counter:inst|cntr_tmj:auto_generated|counter_reg_bit[3]   ; lpm_counter:inst|cntr_tmj:auto_generated|counter_reg_bit[6]   ; clock        ; clock       ; 0.000        ; 0.037      ; 0.640      ;
; 0.521 ; lpm_counter:inst|cntr_tmj:auto_generated|counter_reg_bit[8]   ; lpm_counter:inst|cntr_tmj:auto_generated|counter_reg_bit[11]  ; clock        ; clock       ; 0.000        ; 0.037      ; 0.642      ;
+-------+---------------------------------------------------------------+---------------------------------------------------------------+--------------+-------------+--------------+------------+------------+


+-----------------------------------------------------------------------------------------------------------------------------------+
; Fast 1200mV 0C Model Hold: 'inst1'                                                                                                ;
+-------+----------------------+----------------------+----------------------+-------------+--------------+------------+------------+
; Slack ; From Node            ; To Node              ; Launch Clock         ; Latch Clock ; Relationship ; Clock Skew ; Data Delay ;
+-------+----------------------+----------------------+----------------------+-------------+--------------+------------+------------+
; 0.303 ; debounce:inst3|inst1 ; debounce:inst3|inst2 ; debounce:inst3|inst1 ; inst1       ; 0.000        ; 0.745      ; 1.257      ;
; 0.333 ; debounce:inst4|inst1 ; debounce:inst4|inst2 ; debounce:inst4|inst1 ; inst1       ; 0.000        ; 0.745      ; 1.287      ;
; 0.961 ; debounce:inst3|inst1 ; debounce:inst3|inst2 ; debounce:inst3|inst1 ; inst1       ; -0.500       ; 0.745      ; 1.415      ;
; 1.001 ; debounce:inst4|inst1 ; debounce:inst4|inst2 ; debounce:inst4|inst1 ; inst1       ; -0.500       ; 0.745      ; 1.455      ;
+-------+----------------------+----------------------+----------------------+-------------+--------------+------------+------------+


+---------------------------------------------------------------------------------------------------------------------------------------------+
; Fast 1200mV 0C Model Recovery: 'debounce:inst4|inst1'                                                                                       ;
+--------+----------------------+----------------------+----------------------+----------------------+--------------+------------+------------+
; Slack  ; From Node            ; To Node              ; Launch Clock         ; Latch Clock          ; Relationship ; Clock Skew ; Data Delay ;
+--------+----------------------+----------------------+----------------------+----------------------+--------------+------------+------------+
; -0.237 ; contador:inst5|inst  ; contador:inst5|inst  ; debounce:inst4|inst1 ; debounce:inst4|inst1 ; 1.000        ; -0.037     ; 1.187      ;
; -0.237 ; contador:inst5|inst  ; contador:inst5|inst1 ; debounce:inst4|inst1 ; debounce:inst4|inst1 ; 1.000        ; -0.037     ; 1.187      ;
; -0.237 ; contador:inst5|inst  ; contador:inst5|inst2 ; debounce:inst4|inst1 ; debounce:inst4|inst1 ; 1.000        ; -0.037     ; 1.187      ;
; -0.237 ; contador:inst5|inst  ; contador:inst5|inst3 ; debounce:inst4|inst1 ; debounce:inst4|inst1 ; 1.000        ; -0.037     ; 1.187      ;
; -0.235 ; contador:inst5|inst1 ; contador:inst5|inst  ; debounce:inst4|inst1 ; debounce:inst4|inst1 ; 1.000        ; -0.037     ; 1.185      ;
; -0.235 ; contador:inst5|inst1 ; contador:inst5|inst1 ; debounce:inst4|inst1 ; debounce:inst4|inst1 ; 1.000        ; -0.037     ; 1.185      ;
; -0.235 ; contador:inst5|inst1 ; contador:inst5|inst2 ; debounce:inst4|inst1 ; debounce:inst4|inst1 ; 1.000        ; -0.037     ; 1.185      ;
; -0.235 ; contador:inst5|inst1 ; contador:inst5|inst3 ; debounce:inst4|inst1 ; debounce:inst4|inst1 ; 1.000        ; -0.037     ; 1.185      ;
; -0.153 ; contador:inst5|inst3 ; contador:inst5|inst  ; debounce:inst4|inst1 ; debounce:inst4|inst1 ; 1.000        ; -0.037     ; 1.103      ;
; -0.153 ; contador:inst5|inst3 ; contador:inst5|inst1 ; debounce:inst4|inst1 ; debounce:inst4|inst1 ; 1.000        ; -0.037     ; 1.103      ;
; -0.153 ; contador:inst5|inst3 ; contador:inst5|inst2 ; debounce:inst4|inst1 ; debounce:inst4|inst1 ; 1.000        ; -0.037     ; 1.103      ;
; -0.153 ; contador:inst5|inst3 ; contador:inst5|inst3 ; debounce:inst4|inst1 ; debounce:inst4|inst1 ; 1.000        ; -0.037     ; 1.103      ;
; -0.133 ; contador:inst5|inst2 ; contador:inst5|inst  ; debounce:inst4|inst1 ; debounce:inst4|inst1 ; 1.000        ; -0.037     ; 1.083      ;
; -0.133 ; contador:inst5|inst2 ; contador:inst5|inst1 ; debounce:inst4|inst1 ; debounce:inst4|inst1 ; 1.000        ; -0.037     ; 1.083      ;
; -0.133 ; contador:inst5|inst2 ; contador:inst5|inst2 ; debounce:inst4|inst1 ; debounce:inst4|inst1 ; 1.000        ; -0.037     ; 1.083      ;
; -0.133 ; contador:inst5|inst2 ; contador:inst5|inst3 ; debounce:inst4|inst1 ; debounce:inst4|inst1 ; 1.000        ; -0.037     ; 1.083      ;
+--------+----------------------+----------------------+----------------------+----------------------+--------------+------------+------------+


+---------------------------------------------------------------------------------------------------------------------------------------------+
; Fast 1200mV 0C Model Recovery: 'debounce:inst3|inst1'                                                                                       ;
+--------+----------------------+----------------------+----------------------+----------------------+--------------+------------+------------+
; Slack  ; From Node            ; To Node              ; Launch Clock         ; Latch Clock          ; Relationship ; Clock Skew ; Data Delay ;
+--------+----------------------+----------------------+----------------------+----------------------+--------------+------------+------------+
; -0.184 ; contador:inst7|inst3 ; contador:inst7|inst3 ; debounce:inst3|inst1 ; debounce:inst3|inst1 ; 1.000        ; -0.037     ; 1.134      ;
; -0.184 ; contador:inst7|inst3 ; contador:inst7|inst2 ; debounce:inst3|inst1 ; debounce:inst3|inst1 ; 1.000        ; -0.037     ; 1.134      ;
; -0.184 ; contador:inst7|inst3 ; contador:inst7|inst  ; debounce:inst3|inst1 ; debounce:inst3|inst1 ; 1.000        ; -0.037     ; 1.134      ;
; -0.184 ; contador:inst7|inst3 ; contador:inst7|inst1 ; debounce:inst3|inst1 ; debounce:inst3|inst1 ; 1.000        ; -0.037     ; 1.134      ;
; -0.179 ; contador:inst7|inst2 ; contador:inst7|inst3 ; debounce:inst3|inst1 ; debounce:inst3|inst1 ; 1.000        ; -0.037     ; 1.129      ;
; -0.179 ; contador:inst7|inst2 ; contador:inst7|inst2 ; debounce:inst3|inst1 ; debounce:inst3|inst1 ; 1.000        ; -0.037     ; 1.129      ;
; -0.179 ; contador:inst7|inst2 ; contador:inst7|inst  ; debounce:inst3|inst1 ; debounce:inst3|inst1 ; 1.000        ; -0.037     ; 1.129      ;
; -0.179 ; contador:inst7|inst2 ; contador:inst7|inst1 ; debounce:inst3|inst1 ; debounce:inst3|inst1 ; 1.000        ; -0.037     ; 1.129      ;
; -0.139 ; contador:inst7|inst1 ; contador:inst7|inst3 ; debounce:inst3|inst1 ; debounce:inst3|inst1 ; 1.000        ; -0.037     ; 1.089      ;
; -0.139 ; contador:inst7|inst1 ; contador:inst7|inst2 ; debounce:inst3|inst1 ; debounce:inst3|inst1 ; 1.000        ; -0.037     ; 1.089      ;
; -0.139 ; contador:inst7|inst1 ; contador:inst7|inst  ; debounce:inst3|inst1 ; debounce:inst3|inst1 ; 1.000        ; -0.037     ; 1.089      ;
; -0.139 ; contador:inst7|inst1 ; contador:inst7|inst1 ; debounce:inst3|inst1 ; debounce:inst3|inst1 ; 1.000        ; -0.037     ; 1.089      ;
; -0.091 ; contador:inst7|inst  ; contador:inst7|inst3 ; debounce:inst3|inst1 ; debounce:inst3|inst1 ; 1.000        ; -0.037     ; 1.041      ;
; -0.091 ; contador:inst7|inst  ; contador:inst7|inst2 ; debounce:inst3|inst1 ; debounce:inst3|inst1 ; 1.000        ; -0.037     ; 1.041      ;
; -0.091 ; contador:inst7|inst  ; contador:inst7|inst  ; debounce:inst3|inst1 ; debounce:inst3|inst1 ; 1.000        ; -0.037     ; 1.041      ;
; -0.091 ; contador:inst7|inst  ; contador:inst7|inst1 ; debounce:inst3|inst1 ; debounce:inst3|inst1 ; 1.000        ; -0.037     ; 1.041      ;
+--------+----------------------+----------------------+----------------------+----------------------+--------------+------------+------------+


+--------------------------------------------------------------------------------------------------------------------------------------------+
; Fast 1200mV 0C Model Removal: 'debounce:inst3|inst1'                                                                                       ;
+-------+----------------------+----------------------+----------------------+----------------------+--------------+------------+------------+
; Slack ; From Node            ; To Node              ; Launch Clock         ; Latch Clock          ; Relationship ; Clock Skew ; Data Delay ;
+-------+----------------------+----------------------+----------------------+----------------------+--------------+------------+------------+
; 0.853 ; contador:inst7|inst1 ; contador:inst7|inst3 ; debounce:inst3|inst1 ; debounce:inst3|inst1 ; 0.000        ; 0.037      ; 0.974      ;
; 0.853 ; contador:inst7|inst1 ; contador:inst7|inst2 ; debounce:inst3|inst1 ; debounce:inst3|inst1 ; 0.000        ; 0.037      ; 0.974      ;
; 0.853 ; contador:inst7|inst1 ; contador:inst7|inst  ; debounce:inst3|inst1 ; debounce:inst3|inst1 ; 0.000        ; 0.037      ; 0.974      ;
; 0.853 ; contador:inst7|inst1 ; contador:inst7|inst1 ; debounce:inst3|inst1 ; debounce:inst3|inst1 ; 0.000        ; 0.037      ; 0.974      ;
; 0.869 ; contador:inst7|inst  ; contador:inst7|inst3 ; debounce:inst3|inst1 ; debounce:inst3|inst1 ; 0.000        ; 0.037      ; 0.990      ;
; 0.869 ; contador:inst7|inst  ; contador:inst7|inst2 ; debounce:inst3|inst1 ; debounce:inst3|inst1 ; 0.000        ; 0.037      ; 0.990      ;
; 0.869 ; contador:inst7|inst  ; contador:inst7|inst  ; debounce:inst3|inst1 ; debounce:inst3|inst1 ; 0.000        ; 0.037      ; 0.990      ;
; 0.869 ; contador:inst7|inst  ; contador:inst7|inst1 ; debounce:inst3|inst1 ; debounce:inst3|inst1 ; 0.000        ; 0.037      ; 0.990      ;
; 0.893 ; contador:inst7|inst3 ; contador:inst7|inst3 ; debounce:inst3|inst1 ; debounce:inst3|inst1 ; 0.000        ; 0.037      ; 1.014      ;
; 0.893 ; contador:inst7|inst3 ; contador:inst7|inst2 ; debounce:inst3|inst1 ; debounce:inst3|inst1 ; 0.000        ; 0.037      ; 1.014      ;
; 0.893 ; contador:inst7|inst3 ; contador:inst7|inst  ; debounce:inst3|inst1 ; debounce:inst3|inst1 ; 0.000        ; 0.037      ; 1.014      ;
; 0.893 ; contador:inst7|inst3 ; contador:inst7|inst1 ; debounce:inst3|inst1 ; debounce:inst3|inst1 ; 0.000        ; 0.037      ; 1.014      ;
; 0.927 ; contador:inst7|inst2 ; contador:inst7|inst3 ; debounce:inst3|inst1 ; debounce:inst3|inst1 ; 0.000        ; 0.037      ; 1.048      ;
; 0.927 ; contador:inst7|inst2 ; contador:inst7|inst2 ; debounce:inst3|inst1 ; debounce:inst3|inst1 ; 0.000        ; 0.037      ; 1.048      ;
; 0.927 ; contador:inst7|inst2 ; contador:inst7|inst  ; debounce:inst3|inst1 ; debounce:inst3|inst1 ; 0.000        ; 0.037      ; 1.048      ;
; 0.927 ; contador:inst7|inst2 ; contador:inst7|inst1 ; debounce:inst3|inst1 ; debounce:inst3|inst1 ; 0.000        ; 0.037      ; 1.048      ;
+-------+----------------------+----------------------+----------------------+----------------------+--------------+------------+------------+


+--------------------------------------------------------------------------------------------------------------------------------------------+
; Fast 1200mV 0C Model Removal: 'debounce:inst4|inst1'                                                                                       ;
+-------+----------------------+----------------------+----------------------+----------------------+--------------+------------+------------+
; Slack ; From Node            ; To Node              ; Launch Clock         ; Latch Clock          ; Relationship ; Clock Skew ; Data Delay ;
+-------+----------------------+----------------------+----------------------+----------------------+--------------+------------+------------+
; 0.856 ; contador:inst5|inst3 ; contador:inst5|inst  ; debounce:inst4|inst1 ; debounce:inst4|inst1 ; 0.000        ; 0.037      ; 0.977      ;
; 0.856 ; contador:inst5|inst3 ; contador:inst5|inst1 ; debounce:inst4|inst1 ; debounce:inst4|inst1 ; 0.000        ; 0.037      ; 0.977      ;
; 0.856 ; contador:inst5|inst3 ; contador:inst5|inst2 ; debounce:inst4|inst1 ; debounce:inst4|inst1 ; 0.000        ; 0.037      ; 0.977      ;
; 0.856 ; contador:inst5|inst3 ; contador:inst5|inst3 ; debounce:inst4|inst1 ; debounce:inst4|inst1 ; 0.000        ; 0.037      ; 0.977      ;
; 0.901 ; contador:inst5|inst2 ; contador:inst5|inst  ; debounce:inst4|inst1 ; debounce:inst4|inst1 ; 0.000        ; 0.037      ; 1.022      ;
; 0.901 ; contador:inst5|inst2 ; contador:inst5|inst1 ; debounce:inst4|inst1 ; debounce:inst4|inst1 ; 0.000        ; 0.037      ; 1.022      ;
; 0.901 ; contador:inst5|inst2 ; contador:inst5|inst2 ; debounce:inst4|inst1 ; debounce:inst4|inst1 ; 0.000        ; 0.037      ; 1.022      ;
; 0.901 ; contador:inst5|inst2 ; contador:inst5|inst3 ; debounce:inst4|inst1 ; debounce:inst4|inst1 ; 0.000        ; 0.037      ; 1.022      ;
; 0.934 ; contador:inst5|inst1 ; contador:inst5|inst  ; debounce:inst4|inst1 ; debounce:inst4|inst1 ; 0.000        ; 0.037      ; 1.055      ;
; 0.934 ; contador:inst5|inst1 ; contador:inst5|inst1 ; debounce:inst4|inst1 ; debounce:inst4|inst1 ; 0.000        ; 0.037      ; 1.055      ;
; 0.934 ; contador:inst5|inst1 ; contador:inst5|inst2 ; debounce:inst4|inst1 ; debounce:inst4|inst1 ; 0.000        ; 0.037      ; 1.055      ;
; 0.934 ; contador:inst5|inst1 ; contador:inst5|inst3 ; debounce:inst4|inst1 ; debounce:inst4|inst1 ; 0.000        ; 0.037      ; 1.055      ;
; 0.992 ; contador:inst5|inst  ; contador:inst5|inst  ; debounce:inst4|inst1 ; debounce:inst4|inst1 ; 0.000        ; 0.037      ; 1.113      ;
; 0.992 ; contador:inst5|inst  ; contador:inst5|inst1 ; debounce:inst4|inst1 ; debounce:inst4|inst1 ; 0.000        ; 0.037      ; 1.113      ;
; 0.992 ; contador:inst5|inst  ; contador:inst5|inst2 ; debounce:inst4|inst1 ; debounce:inst4|inst1 ; 0.000        ; 0.037      ; 1.113      ;
; 0.992 ; contador:inst5|inst  ; contador:inst5|inst3 ; debounce:inst4|inst1 ; debounce:inst4|inst1 ; 0.000        ; 0.037      ; 1.113      ;
+-------+----------------------+----------------------+----------------------+----------------------+--------------+------------+------------+


----------------------------------------------
; Fast 1200mV 0C Model Metastability Summary ;
----------------------------------------------
No synchronizer chains to report.


+-------------------------------------------------------------------------------------+
; Multicorner Timing Analysis Summary                                                 ;
+-----------------------+----------+-------+----------+---------+---------------------+
; Clock                 ; Setup    ; Hold  ; Recovery ; Removal ; Minimum Pulse Width ;
+-----------------------+----------+-------+----------+---------+---------------------+
; Worst-case Slack      ; -4.936   ; 0.186 ; -1.844   ; 0.853   ; -3.000              ;
;  clock                ; -4.936   ; 0.267 ; N/A      ; N/A     ; -3.000              ;
;  clock3               ; -1.371   ; 0.196 ; N/A      ; N/A     ; -3.000              ;
;  debounce:inst3|inst1 ; -0.343   ; 0.186 ; -1.725   ; 0.853   ; -1.487              ;
;  debounce:inst4|inst1 ; -0.354   ; 0.186 ; -1.844   ; 0.856   ; -1.487              ;
;  inst1                ; -0.664   ; 0.303 ; N/A      ; N/A     ; -1.487              ;
;  inst9                ; -0.029   ; 0.186 ; N/A      ; N/A     ; -1.487              ;
; Design-wide TNS       ; -143.424 ; 0.0   ; -14.276  ; 0.0     ; -87.785             ;
;  clock                ; -131.983 ; 0.000 ; N/A      ; N/A     ; -52.071             ;
;  clock3               ; -8.551   ; 0.000 ; N/A      ; N/A     ; -14.896             ;
;  debounce:inst3|inst1 ; -0.874   ; 0.000 ; -6.900   ; 0.000   ; -5.948              ;
;  debounce:inst4|inst1 ; -0.738   ; 0.000 ; -7.376   ; 0.000   ; -5.948              ;
;  inst1                ; -1.249   ; 0.000 ; N/A      ; N/A     ; -5.948              ;
;  inst9                ; -0.029   ; 0.000 ; N/A      ; N/A     ; -2.974              ;
+-----------------------+----------+-------+----------+---------+---------------------+


+------------------------------------------------------------------------------------------------------------------------------------------------------------------------------------------------------------------------------------------------------------------------------------------------------------------------------------------------------------------------------------------------------------------+
; Board Trace Model Assignments                                                                                                                                                                                                                                                                                                                                                                                    ;
+---------------+--------------+-------------------+-------------------------+-------------------------+---------------+---------------------+----------------+------------------+--------+------------------+------------------------+------------------------+--------------+---------------+-----------------+-------+---------------------+--------------------+---------------+-----------------+-------------+
; Pin           ; I/O Standard ; Near Tline Length ; Near Tline L per Length ; Near Tline C per Length ; Near Series R ; Near Differential R ; Near Pull-up R ; Near Pull-down R ; Near C ; Far Tline Length ; Far Tline L per Length ; Far Tline C per Length ; Far Series R ; Far Pull-up R ; Far Pull-down R ; Far C ; Termination Voltage ; Far Differential R ; EBD File Name ; EBD Signal Name ; EBD Far-end ;
+---------------+--------------+-------------------+-------------------------+-------------------------+---------------+---------------------+----------------+------------------+--------+------------------+------------------------+------------------------+--------------+---------------+-----------------+-------+---------------------+--------------------+---------------+-----------------+-------------+
; dalay_done    ; 2.5 V        ; 0 in              ; 0 H/in                  ; 0 F/in                  ; short         ; -                   ; open           ; open             ; open   ; 0 in             ; 0 H/in                 ; 0 F/in                 ; short        ; open          ; open            ; open  ; 0 V                 ; -                  ; n/a           ; n/a             ; n/a         ;
; dig[4]        ; 2.5 V        ; 0 in              ; 0 H/in                  ; 0 F/in                  ; short         ; -                   ; open           ; open             ; open   ; 0 in             ; 0 H/in                 ; 0 F/in                 ; short        ; open          ; open            ; open  ; 0 V                 ; -                  ; n/a           ; n/a             ; n/a         ;
; dig[3]        ; 2.5 V        ; 0 in              ; 0 H/in                  ; 0 F/in                  ; short         ; -                   ; open           ; open             ; open   ; 0 in             ; 0 H/in                 ; 0 F/in                 ; short        ; open          ; open            ; open  ; 0 V                 ; -                  ; n/a           ; n/a             ; n/a         ;
; seg[6]        ; 2.5 V        ; 0 in              ; 0 H/in                  ; 0 F/in                  ; short         ; -                   ; open           ; open             ; open   ; 0 in             ; 0 H/in                 ; 0 F/in                 ; short        ; open          ; open            ; open  ; 0 V                 ; -                  ; n/a           ; n/a             ; n/a         ;
; seg[5]        ; 2.5 V        ; 0 in              ; 0 H/in                  ; 0 F/in                  ; short         ; -                   ; open           ; open             ; open   ; 0 in             ; 0 H/in                 ; 0 F/in                 ; short        ; open          ; open            ; open  ; 0 V                 ; -                  ; n/a           ; n/a             ; n/a         ;
; seg[4]        ; 2.5 V        ; 0 in              ; 0 H/in                  ; 0 F/in                  ; short         ; -                   ; open           ; open             ; open   ; 0 in             ; 0 H/in                 ; 0 F/in                 ; short        ; open          ; open            ; open  ; 0 V                 ; -                  ; n/a           ; n/a             ; n/a         ;
; seg[3]        ; 2.5 V        ; 0 in              ; 0 H/in                  ; 0 F/in                  ; short         ; -                   ; open           ; open             ; open   ; 0 in             ; 0 H/in                 ; 0 F/in                 ; short        ; open          ; open            ; open  ; 0 V                 ; -                  ; n/a           ; n/a             ; n/a         ;
; seg[2]        ; 2.5 V        ; 0 in              ; 0 H/in                  ; 0 F/in                  ; short         ; -                   ; open           ; open             ; open   ; 0 in             ; 0 H/in                 ; 0 F/in                 ; short        ; open          ; open            ; open  ; 0 V                 ; -                  ; n/a           ; n/a             ; n/a         ;
; seg[1]        ; 2.5 V        ; 0 in              ; 0 H/in                  ; 0 F/in                  ; short         ; -                   ; open           ; open             ; open   ; 0 in             ; 0 H/in                 ; 0 F/in                 ; short        ; open          ; open            ; open  ; 0 V                 ; -                  ; n/a           ; n/a             ; n/a         ;
; seg[0]        ; 2.5 V        ; 0 in              ; 0 H/in                  ; 0 F/in                  ; short         ; -                   ; open           ; open             ; open   ; 0 in             ; 0 H/in                 ; 0 F/in                 ; short        ; open          ; open            ; open  ; 0 V                 ; -                  ; n/a           ; n/a             ; n/a         ;
; ~ALTERA_DCLK~ ; 2.5 V        ; 0 in              ; 0 H/in                  ; 0 F/in                  ; short         ; -                   ; open           ; open             ; open   ; 0 in             ; 0 H/in                 ; 0 F/in                 ; short        ; open          ; open            ; open  ; 0 V                 ; -                  ; n/a           ; n/a             ; n/a         ;
; ~ALTERA_nCEO~ ; 2.5 V        ; 0 in              ; 0 H/in                  ; 0 F/in                  ; short         ; -                   ; open           ; open             ; open   ; 0 in             ; 0 H/in                 ; 0 F/in                 ; short        ; open          ; open            ; open  ; 0 V                 ; -                  ; n/a           ; n/a             ; n/a         ;
+---------------+--------------+-------------------+-------------------------+-------------------------+---------------+---------------------+----------------+------------------+--------+------------------+------------------------+------------------------+--------------+---------------+-----------------+-------+---------------------+--------------------+---------------+-----------------+-------------+


+----------------------------------------------------------------------------+
; Input Transition Times                                                     ;
+-------------------------+--------------+-----------------+-----------------+
; Pin                     ; I/O Standard ; 10-90 Rise Time ; 90-10 Fall Time ;
+-------------------------+--------------+-----------------+-----------------+
; rst_n8                  ; 2.5 V        ; 2000 ps         ; 2000 ps         ;
; clock2                  ; 2.5 V        ; 2000 ps         ; 2000 ps         ;
; rst_n9                  ; 2.5 V        ; 2000 ps         ; 2000 ps         ;
; lfsr_value[6]           ; 2.5 V        ; 2000 ps         ; 2000 ps         ;
; lfsr_value[7]           ; 2.5 V        ; 2000 ps         ; 2000 ps         ;
; lfsr_value[4]           ; 2.5 V        ; 2000 ps         ; 2000 ps         ;
; lfsr_value[5]           ; 2.5 V        ; 2000 ps         ; 2000 ps         ;
; lfsr_value[2]           ; 2.5 V        ; 2000 ps         ; 2000 ps         ;
; lfsr_value[3]           ; 2.5 V        ; 2000 ps         ; 2000 ps         ;
; lfsr_value[0]           ; 2.5 V        ; 2000 ps         ; 2000 ps         ;
; lfsr_value[1]           ; 2.5 V        ; 2000 ps         ; 2000 ps         ;
; clock3                  ; 2.5 V        ; 2000 ps         ; 2000 ps         ;
; enable                  ; 2.5 V        ; 2000 ps         ; 2000 ps         ;
; rst_n                   ; 2.5 V        ; 2000 ps         ; 2000 ps         ;
; clock                   ; 2.5 V        ; 2000 ps         ; 2000 ps         ;
; key[2]                  ; 2.5 V        ; 2000 ps         ; 2000 ps         ;
; key[3]                  ; 2.5 V        ; 2000 ps         ; 2000 ps         ;
; ~ALTERA_ASDO_DATA1~     ; 2.5 V        ; 2000 ps         ; 2000 ps         ;
; ~ALTERA_FLASH_nCE_nCSO~ ; 2.5 V        ; 2000 ps         ; 2000 ps         ;
; ~ALTERA_DATA0~          ; 2.5 V        ; 2000 ps         ; 2000 ps         ;
+-------------------------+--------------+-----------------+-----------------+


+--------------------------------------------------------------------------------------------------------------------------------------------------------------------------------------------------------------------------------------------------------------------------------------------------------------------------------------------------------------------------------------------------------------------------------------------------------------------------------------------------------------------------------------------------------------------------------------------------------------------------------------------------------------------------------------------+
; Signal Integrity Metrics (Slow 1200mv 0c Model)                                                                                                                                                                                                                                                                                                                                                                                                                                                                                                                                                                                                                                            ;
+---------------+--------------+---------------------+---------------------+------------------------------+------------------------------+---------------------+---------------------+--------------------------------------+--------------------------------------+-----------------------------+-----------------------------+----------------------------+----------------------------+-----------------------------+-----------------------------+--------------------+--------------------+-------------------------------------+-------------------------------------+----------------------------+----------------------------+---------------------------+---------------------------+
; Pin           ; I/O Standard ; Board Delay on Rise ; Board Delay on Fall ; Steady State Voh at FPGA Pin ; Steady State Vol at FPGA Pin ; Voh Max at FPGA Pin ; Vol Min at FPGA Pin ; Ringback Voltage on Rise at FPGA Pin ; Ringback Voltage on Fall at FPGA Pin ; 10-90 Rise Time at FPGA Pin ; 90-10 Fall Time at FPGA Pin ; Monotonic Rise at FPGA Pin ; Monotonic Fall at FPGA Pin ; Steady State Voh at Far-end ; Steady State Vol at Far-end ; Voh Max at Far-end ; Vol Min at Far-end ; Ringback Voltage on Rise at Far-end ; Ringback Voltage on Fall at Far-end ; 10-90 Rise Time at Far-end ; 90-10 Fall Time at Far-end ; Monotonic Rise at Far-end ; Monotonic Fall at Far-end ;
+---------------+--------------+---------------------+---------------------+------------------------------+------------------------------+---------------------+---------------------+--------------------------------------+--------------------------------------+-----------------------------+-----------------------------+----------------------------+----------------------------+-----------------------------+-----------------------------+--------------------+--------------------+-------------------------------------+-------------------------------------+----------------------------+----------------------------+---------------------------+---------------------------+
; dalay_done    ; 2.5 V        ; 0 s                 ; 0 s                 ; 2.32 V                       ; 2.8e-09 V                    ; 2.37 V              ; -0.00373 V          ; 0.104 V                              ; 0.011 V                              ; 4.34e-10 s                  ; 3.82e-10 s                  ; Yes                        ; Yes                        ; 2.32 V                      ; 2.8e-09 V                   ; 2.37 V             ; -0.00373 V         ; 0.104 V                             ; 0.011 V                             ; 4.34e-10 s                 ; 3.82e-10 s                 ; Yes                       ; Yes                       ;
; dig[4]        ; 2.5 V        ; 0 s                 ; 0 s                 ; 2.32 V                       ; 2.8e-09 V                    ; 2.37 V              ; -0.00373 V          ; 0.104 V                              ; 0.011 V                              ; 4.34e-10 s                  ; 3.82e-10 s                  ; Yes                        ; Yes                        ; 2.32 V                      ; 2.8e-09 V                   ; 2.37 V             ; -0.00373 V         ; 0.104 V                             ; 0.011 V                             ; 4.34e-10 s                 ; 3.82e-10 s                 ; Yes                       ; Yes                       ;
; dig[3]        ; 2.5 V        ; 0 s                 ; 0 s                 ; 2.32 V                       ; 2.8e-09 V                    ; 2.33 V              ; -0.00425 V          ; 0.168 V                              ; 0.058 V                              ; 3.12e-09 s                  ; 2.87e-09 s                  ; Yes                        ; Yes                        ; 2.32 V                      ; 2.8e-09 V                   ; 2.33 V             ; -0.00425 V         ; 0.168 V                             ; 0.058 V                             ; 3.12e-09 s                 ; 2.87e-09 s                 ; Yes                       ; Yes                       ;
; seg[6]        ; 2.5 V        ; 0 s                 ; 0 s                 ; 2.32 V                       ; 2.8e-09 V                    ; 2.37 V              ; -0.00373 V          ; 0.104 V                              ; 0.011 V                              ; 4.34e-10 s                  ; 3.82e-10 s                  ; Yes                        ; Yes                        ; 2.32 V                      ; 2.8e-09 V                   ; 2.37 V             ; -0.00373 V         ; 0.104 V                             ; 0.011 V                             ; 4.34e-10 s                 ; 3.82e-10 s                 ; Yes                       ; Yes                       ;
; seg[5]        ; 2.5 V        ; 0 s                 ; 0 s                 ; 2.32 V                       ; 2.8e-09 V                    ; 2.37 V              ; -0.00373 V          ; 0.104 V                              ; 0.011 V                              ; 4.34e-10 s                  ; 3.82e-10 s                  ; Yes                        ; Yes                        ; 2.32 V                      ; 2.8e-09 V                   ; 2.37 V             ; -0.00373 V         ; 0.104 V                             ; 0.011 V                             ; 4.34e-10 s                 ; 3.82e-10 s                 ; Yes                       ; Yes                       ;
; seg[4]        ; 2.5 V        ; 0 s                 ; 0 s                 ; 2.32 V                       ; 2.8e-09 V                    ; 2.37 V              ; -0.00373 V          ; 0.104 V                              ; 0.011 V                              ; 4.34e-10 s                  ; 3.82e-10 s                  ; Yes                        ; Yes                        ; 2.32 V                      ; 2.8e-09 V                   ; 2.37 V             ; -0.00373 V         ; 0.104 V                             ; 0.011 V                             ; 4.34e-10 s                 ; 3.82e-10 s                 ; Yes                       ; Yes                       ;
; seg[3]        ; 2.5 V        ; 0 s                 ; 0 s                 ; 2.32 V                       ; 2.8e-09 V                    ; 2.37 V              ; -0.00373 V          ; 0.104 V                              ; 0.011 V                              ; 4.34e-10 s                  ; 3.82e-10 s                  ; Yes                        ; Yes                        ; 2.32 V                      ; 2.8e-09 V                   ; 2.37 V             ; -0.00373 V         ; 0.104 V                             ; 0.011 V                             ; 4.34e-10 s                 ; 3.82e-10 s                 ; Yes                       ; Yes                       ;
; seg[2]        ; 2.5 V        ; 0 s                 ; 0 s                 ; 2.32 V                       ; 2.8e-09 V                    ; 2.37 V              ; -0.00373 V          ; 0.104 V                              ; 0.011 V                              ; 4.34e-10 s                  ; 3.82e-10 s                  ; Yes                        ; Yes                        ; 2.32 V                      ; 2.8e-09 V                   ; 2.37 V             ; -0.00373 V         ; 0.104 V                             ; 0.011 V                             ; 4.34e-10 s                 ; 3.82e-10 s                 ; Yes                       ; Yes                       ;
; seg[1]        ; 2.5 V        ; 0 s                 ; 0 s                 ; 2.32 V                       ; 2.8e-09 V                    ; 2.37 V              ; -0.00373 V          ; 0.104 V                              ; 0.011 V                              ; 4.34e-10 s                  ; 3.82e-10 s                  ; Yes                        ; Yes                        ; 2.32 V                      ; 2.8e-09 V                   ; 2.37 V             ; -0.00373 V         ; 0.104 V                             ; 0.011 V                             ; 4.34e-10 s                 ; 3.82e-10 s                 ; Yes                       ; Yes                       ;
; seg[0]        ; 2.5 V        ; 0 s                 ; 0 s                 ; 2.32 V                       ; 2.8e-09 V                    ; 2.37 V              ; -0.00373 V          ; 0.104 V                              ; 0.011 V                              ; 4.34e-10 s                  ; 3.82e-10 s                  ; Yes                        ; Yes                        ; 2.32 V                      ; 2.8e-09 V                   ; 2.37 V             ; -0.00373 V         ; 0.104 V                             ; 0.011 V                             ; 4.34e-10 s                 ; 3.82e-10 s                 ; Yes                       ; Yes                       ;
; ~ALTERA_DCLK~ ; 2.5 V        ; 0 s                 ; 0 s                 ; 2.32 V                       ; 1.74e-09 V                   ; 2.37 V              ; -0.0346 V           ; 0.198 V                              ; 0.094 V                              ; 3.14e-10 s                  ; 2.92e-10 s                  ; Yes                        ; Yes                        ; 2.32 V                      ; 1.74e-09 V                  ; 2.37 V             ; -0.0346 V          ; 0.198 V                             ; 0.094 V                             ; 3.14e-10 s                 ; 2.92e-10 s                 ; Yes                       ; Yes                       ;
; ~ALTERA_nCEO~ ; 2.5 V        ; 0 s                 ; 0 s                 ; 2.32 V                       ; 2.57e-09 V                   ; 2.37 V              ; -0.00683 V          ; 0.171 V                              ; 0.018 V                              ; 4.97e-10 s                  ; 6.66e-10 s                  ; Yes                        ; Yes                        ; 2.32 V                      ; 2.57e-09 V                  ; 2.37 V             ; -0.00683 V         ; 0.171 V                             ; 0.018 V                             ; 4.97e-10 s                 ; 6.66e-10 s                 ; Yes                       ; Yes                       ;
+---------------+--------------+---------------------+---------------------+------------------------------+------------------------------+---------------------+---------------------+--------------------------------------+--------------------------------------+-----------------------------+-----------------------------+----------------------------+----------------------------+-----------------------------+-----------------------------+--------------------+--------------------+-------------------------------------+-------------------------------------+----------------------------+----------------------------+---------------------------+---------------------------+


+--------------------------------------------------------------------------------------------------------------------------------------------------------------------------------------------------------------------------------------------------------------------------------------------------------------------------------------------------------------------------------------------------------------------------------------------------------------------------------------------------------------------------------------------------------------------------------------------------------------------------------------------------------------------------------------------+
; Signal Integrity Metrics (Slow 1200mv 85c Model)                                                                                                                                                                                                                                                                                                                                                                                                                                                                                                                                                                                                                                           ;
+---------------+--------------+---------------------+---------------------+------------------------------+------------------------------+---------------------+---------------------+--------------------------------------+--------------------------------------+-----------------------------+-----------------------------+----------------------------+----------------------------+-----------------------------+-----------------------------+--------------------+--------------------+-------------------------------------+-------------------------------------+----------------------------+----------------------------+---------------------------+---------------------------+
; Pin           ; I/O Standard ; Board Delay on Rise ; Board Delay on Fall ; Steady State Voh at FPGA Pin ; Steady State Vol at FPGA Pin ; Voh Max at FPGA Pin ; Vol Min at FPGA Pin ; Ringback Voltage on Rise at FPGA Pin ; Ringback Voltage on Fall at FPGA Pin ; 10-90 Rise Time at FPGA Pin ; 90-10 Fall Time at FPGA Pin ; Monotonic Rise at FPGA Pin ; Monotonic Fall at FPGA Pin ; Steady State Voh at Far-end ; Steady State Vol at Far-end ; Voh Max at Far-end ; Vol Min at Far-end ; Ringback Voltage on Rise at Far-end ; Ringback Voltage on Fall at Far-end ; 10-90 Rise Time at Far-end ; 90-10 Fall Time at Far-end ; Monotonic Rise at Far-end ; Monotonic Fall at Far-end ;
+---------------+--------------+---------------------+---------------------+------------------------------+------------------------------+---------------------+---------------------+--------------------------------------+--------------------------------------+-----------------------------+-----------------------------+----------------------------+----------------------------+-----------------------------+-----------------------------+--------------------+--------------------+-------------------------------------+-------------------------------------+----------------------------+----------------------------+---------------------------+---------------------------+
; dalay_done    ; 2.5 V        ; 0 s                 ; 0 s                 ; 2.32 V                       ; 2.85e-07 V                   ; 2.35 V              ; -0.0123 V           ; 0.144 V                              ; 0.042 V                              ; 4.81e-10 s                  ; 4.81e-10 s                  ; Yes                        ; Yes                        ; 2.32 V                      ; 2.85e-07 V                  ; 2.35 V             ; -0.0123 V          ; 0.144 V                             ; 0.042 V                             ; 4.81e-10 s                 ; 4.81e-10 s                 ; Yes                       ; Yes                       ;
; dig[4]        ; 2.5 V        ; 0 s                 ; 0 s                 ; 2.32 V                       ; 2.85e-07 V                   ; 2.35 V              ; -0.0123 V           ; 0.144 V                              ; 0.042 V                              ; 4.81e-10 s                  ; 4.81e-10 s                  ; Yes                        ; Yes                        ; 2.32 V                      ; 2.85e-07 V                  ; 2.35 V             ; -0.0123 V          ; 0.144 V                             ; 0.042 V                             ; 4.81e-10 s                 ; 4.81e-10 s                 ; Yes                       ; Yes                       ;
; dig[3]        ; 2.5 V        ; 0 s                 ; 0 s                 ; 2.32 V                       ; 2.85e-07 V                   ; 2.33 V              ; -0.00229 V          ; 0.111 V                              ; 0.057 V                              ; 3.78e-09 s                  ; 3.5e-09 s                   ; Yes                        ; Yes                        ; 2.32 V                      ; 2.85e-07 V                  ; 2.33 V             ; -0.00229 V         ; 0.111 V                             ; 0.057 V                             ; 3.78e-09 s                 ; 3.5e-09 s                  ; Yes                       ; Yes                       ;
; seg[6]        ; 2.5 V        ; 0 s                 ; 0 s                 ; 2.32 V                       ; 2.85e-07 V                   ; 2.35 V              ; -0.0123 V           ; 0.144 V                              ; 0.042 V                              ; 4.81e-10 s                  ; 4.81e-10 s                  ; Yes                        ; Yes                        ; 2.32 V                      ; 2.85e-07 V                  ; 2.35 V             ; -0.0123 V          ; 0.144 V                             ; 0.042 V                             ; 4.81e-10 s                 ; 4.81e-10 s                 ; Yes                       ; Yes                       ;
; seg[5]        ; 2.5 V        ; 0 s                 ; 0 s                 ; 2.32 V                       ; 2.85e-07 V                   ; 2.35 V              ; -0.0123 V           ; 0.144 V                              ; 0.042 V                              ; 4.81e-10 s                  ; 4.81e-10 s                  ; Yes                        ; Yes                        ; 2.32 V                      ; 2.85e-07 V                  ; 2.35 V             ; -0.0123 V          ; 0.144 V                             ; 0.042 V                             ; 4.81e-10 s                 ; 4.81e-10 s                 ; Yes                       ; Yes                       ;
; seg[4]        ; 2.5 V        ; 0 s                 ; 0 s                 ; 2.32 V                       ; 2.85e-07 V                   ; 2.35 V              ; -0.0123 V           ; 0.144 V                              ; 0.042 V                              ; 4.81e-10 s                  ; 4.81e-10 s                  ; Yes                        ; Yes                        ; 2.32 V                      ; 2.85e-07 V                  ; 2.35 V             ; -0.0123 V          ; 0.144 V                             ; 0.042 V                             ; 4.81e-10 s                 ; 4.81e-10 s                 ; Yes                       ; Yes                       ;
; seg[3]        ; 2.5 V        ; 0 s                 ; 0 s                 ; 2.32 V                       ; 2.85e-07 V                   ; 2.35 V              ; -0.0123 V           ; 0.144 V                              ; 0.042 V                              ; 4.81e-10 s                  ; 4.81e-10 s                  ; Yes                        ; Yes                        ; 2.32 V                      ; 2.85e-07 V                  ; 2.35 V             ; -0.0123 V          ; 0.144 V                             ; 0.042 V                             ; 4.81e-10 s                 ; 4.81e-10 s                 ; Yes                       ; Yes                       ;
; seg[2]        ; 2.5 V        ; 0 s                 ; 0 s                 ; 2.32 V                       ; 2.85e-07 V                   ; 2.35 V              ; -0.0123 V           ; 0.144 V                              ; 0.042 V                              ; 4.81e-10 s                  ; 4.81e-10 s                  ; Yes                        ; Yes                        ; 2.32 V                      ; 2.85e-07 V                  ; 2.35 V             ; -0.0123 V          ; 0.144 V                             ; 0.042 V                             ; 4.81e-10 s                 ; 4.81e-10 s                 ; Yes                       ; Yes                       ;
; seg[1]        ; 2.5 V        ; 0 s                 ; 0 s                 ; 2.32 V                       ; 2.85e-07 V                   ; 2.35 V              ; -0.0123 V           ; 0.144 V                              ; 0.042 V                              ; 4.81e-10 s                  ; 4.81e-10 s                  ; Yes                        ; Yes                        ; 2.32 V                      ; 2.85e-07 V                  ; 2.35 V             ; -0.0123 V          ; 0.144 V                             ; 0.042 V                             ; 4.81e-10 s                 ; 4.81e-10 s                 ; Yes                       ; Yes                       ;
; seg[0]        ; 2.5 V        ; 0 s                 ; 0 s                 ; 2.32 V                       ; 2.85e-07 V                   ; 2.35 V              ; -0.0123 V           ; 0.144 V                              ; 0.042 V                              ; 4.81e-10 s                  ; 4.81e-10 s                  ; Yes                        ; Yes                        ; 2.32 V                      ; 2.85e-07 V                  ; 2.35 V             ; -0.0123 V          ; 0.144 V                             ; 0.042 V                             ; 4.81e-10 s                 ; 4.81e-10 s                 ; Yes                       ; Yes                       ;
; ~ALTERA_DCLK~ ; 2.5 V        ; 0 s                 ; 0 s                 ; 2.32 V                       ; 1.55e-07 V                   ; 2.35 V              ; -0.00221 V          ; 0.097 V                              ; 0.005 V                              ; 4.49e-10 s                  ; 3.85e-10 s                  ; Yes                        ; Yes                        ; 2.32 V                      ; 1.55e-07 V                  ; 2.35 V             ; -0.00221 V         ; 0.097 V                             ; 0.005 V                             ; 4.49e-10 s                 ; 3.85e-10 s                 ; Yes                       ; Yes                       ;
; ~ALTERA_nCEO~ ; 2.5 V        ; 0 s                 ; 0 s                 ; 2.32 V                       ; 2.54e-07 V                   ; 2.34 V              ; -0.00774 V          ; 0.109 V                              ; 0.026 V                              ; 6.58e-10 s                  ; 8.24e-10 s                  ; Yes                        ; Yes                        ; 2.32 V                      ; 2.54e-07 V                  ; 2.34 V             ; -0.00774 V         ; 0.109 V                             ; 0.026 V                             ; 6.58e-10 s                 ; 8.24e-10 s                 ; Yes                       ; Yes                       ;
+---------------+--------------+---------------------+---------------------+------------------------------+------------------------------+---------------------+---------------------+--------------------------------------+--------------------------------------+-----------------------------+-----------------------------+----------------------------+----------------------------+-----------------------------+-----------------------------+--------------------+--------------------+-------------------------------------+-------------------------------------+----------------------------+----------------------------+---------------------------+---------------------------+


+--------------------------------------------------------------------------------------------------------------------------------------------------------------------------------------------------------------------------------------------------------------------------------------------------------------------------------------------------------------------------------------------------------------------------------------------------------------------------------------------------------------------------------------------------------------------------------------------------------------------------------------------------------------------------------------------+
; Signal Integrity Metrics (Fast 1200mv 0c Model)                                                                                                                                                                                                                                                                                                                                                                                                                                                                                                                                                                                                                                            ;
+---------------+--------------+---------------------+---------------------+------------------------------+------------------------------+---------------------+---------------------+--------------------------------------+--------------------------------------+-----------------------------+-----------------------------+----------------------------+----------------------------+-----------------------------+-----------------------------+--------------------+--------------------+-------------------------------------+-------------------------------------+----------------------------+----------------------------+---------------------------+---------------------------+
; Pin           ; I/O Standard ; Board Delay on Rise ; Board Delay on Fall ; Steady State Voh at FPGA Pin ; Steady State Vol at FPGA Pin ; Voh Max at FPGA Pin ; Vol Min at FPGA Pin ; Ringback Voltage on Rise at FPGA Pin ; Ringback Voltage on Fall at FPGA Pin ; 10-90 Rise Time at FPGA Pin ; 90-10 Fall Time at FPGA Pin ; Monotonic Rise at FPGA Pin ; Monotonic Fall at FPGA Pin ; Steady State Voh at Far-end ; Steady State Vol at Far-end ; Voh Max at Far-end ; Vol Min at Far-end ; Ringback Voltage on Rise at Far-end ; Ringback Voltage on Fall at Far-end ; 10-90 Rise Time at Far-end ; 90-10 Fall Time at Far-end ; Monotonic Rise at Far-end ; Monotonic Fall at Far-end ;
+---------------+--------------+---------------------+---------------------+------------------------------+------------------------------+---------------------+---------------------+--------------------------------------+--------------------------------------+-----------------------------+-----------------------------+----------------------------+----------------------------+-----------------------------+-----------------------------+--------------------+--------------------+-------------------------------------+-------------------------------------+----------------------------+----------------------------+---------------------------+---------------------------+
; dalay_done    ; 2.5 V        ; 0 s                 ; 0 s                 ; 2.62 V                       ; 4.05e-08 V                   ; 2.72 V              ; -0.0349 V           ; 0.173 V                              ; 0.1 V                                ; 2.72e-10 s                  ; 2.69e-10 s                  ; Yes                        ; Yes                        ; 2.62 V                      ; 4.05e-08 V                  ; 2.72 V             ; -0.0349 V          ; 0.173 V                             ; 0.1 V                               ; 2.72e-10 s                 ; 2.69e-10 s                 ; Yes                       ; Yes                       ;
; dig[4]        ; 2.5 V        ; 0 s                 ; 0 s                 ; 2.62 V                       ; 4.05e-08 V                   ; 2.72 V              ; -0.0349 V           ; 0.173 V                              ; 0.1 V                                ; 2.72e-10 s                  ; 2.69e-10 s                  ; Yes                        ; Yes                        ; 2.62 V                      ; 4.05e-08 V                  ; 2.72 V             ; -0.0349 V          ; 0.173 V                             ; 0.1 V                               ; 2.72e-10 s                 ; 2.69e-10 s                 ; Yes                       ; Yes                       ;
; dig[3]        ; 2.5 V        ; 0 s                 ; 0 s                 ; 2.62 V                       ; 4.05e-08 V                   ; 2.64 V              ; -0.0113 V           ; 0.208 V                              ; 0.179 V                              ; 2.38e-09 s                  ; 2.23e-09 s                  ; No                         ; Yes                        ; 2.62 V                      ; 4.05e-08 V                  ; 2.64 V             ; -0.0113 V          ; 0.208 V                             ; 0.179 V                             ; 2.38e-09 s                 ; 2.23e-09 s                 ; No                        ; Yes                       ;
; seg[6]        ; 2.5 V        ; 0 s                 ; 0 s                 ; 2.62 V                       ; 4.05e-08 V                   ; 2.72 V              ; -0.0349 V           ; 0.173 V                              ; 0.1 V                                ; 2.72e-10 s                  ; 2.69e-10 s                  ; Yes                        ; Yes                        ; 2.62 V                      ; 4.05e-08 V                  ; 2.72 V             ; -0.0349 V          ; 0.173 V                             ; 0.1 V                               ; 2.72e-10 s                 ; 2.69e-10 s                 ; Yes                       ; Yes                       ;
; seg[5]        ; 2.5 V        ; 0 s                 ; 0 s                 ; 2.62 V                       ; 4.05e-08 V                   ; 2.72 V              ; -0.0349 V           ; 0.173 V                              ; 0.1 V                                ; 2.72e-10 s                  ; 2.69e-10 s                  ; Yes                        ; Yes                        ; 2.62 V                      ; 4.05e-08 V                  ; 2.72 V             ; -0.0349 V          ; 0.173 V                             ; 0.1 V                               ; 2.72e-10 s                 ; 2.69e-10 s                 ; Yes                       ; Yes                       ;
; seg[4]        ; 2.5 V        ; 0 s                 ; 0 s                 ; 2.62 V                       ; 4.05e-08 V                   ; 2.72 V              ; -0.0349 V           ; 0.173 V                              ; 0.1 V                                ; 2.72e-10 s                  ; 2.69e-10 s                  ; Yes                        ; Yes                        ; 2.62 V                      ; 4.05e-08 V                  ; 2.72 V             ; -0.0349 V          ; 0.173 V                             ; 0.1 V                               ; 2.72e-10 s                 ; 2.69e-10 s                 ; Yes                       ; Yes                       ;
; seg[3]        ; 2.5 V        ; 0 s                 ; 0 s                 ; 2.62 V                       ; 4.05e-08 V                   ; 2.72 V              ; -0.0349 V           ; 0.173 V                              ; 0.1 V                                ; 2.72e-10 s                  ; 2.69e-10 s                  ; Yes                        ; Yes                        ; 2.62 V                      ; 4.05e-08 V                  ; 2.72 V             ; -0.0349 V          ; 0.173 V                             ; 0.1 V                               ; 2.72e-10 s                 ; 2.69e-10 s                 ; Yes                       ; Yes                       ;
; seg[2]        ; 2.5 V        ; 0 s                 ; 0 s                 ; 2.62 V                       ; 4.05e-08 V                   ; 2.72 V              ; -0.0349 V           ; 0.173 V                              ; 0.1 V                                ; 2.72e-10 s                  ; 2.69e-10 s                  ; Yes                        ; Yes                        ; 2.62 V                      ; 4.05e-08 V                  ; 2.72 V             ; -0.0349 V          ; 0.173 V                             ; 0.1 V                               ; 2.72e-10 s                 ; 2.69e-10 s                 ; Yes                       ; Yes                       ;
; seg[1]        ; 2.5 V        ; 0 s                 ; 0 s                 ; 2.62 V                       ; 4.05e-08 V                   ; 2.72 V              ; -0.0349 V           ; 0.173 V                              ; 0.1 V                                ; 2.72e-10 s                  ; 2.69e-10 s                  ; Yes                        ; Yes                        ; 2.62 V                      ; 4.05e-08 V                  ; 2.72 V             ; -0.0349 V          ; 0.173 V                             ; 0.1 V                               ; 2.72e-10 s                 ; 2.69e-10 s                 ; Yes                       ; Yes                       ;
; seg[0]        ; 2.5 V        ; 0 s                 ; 0 s                 ; 2.62 V                       ; 4.05e-08 V                   ; 2.72 V              ; -0.0349 V           ; 0.173 V                              ; 0.1 V                                ; 2.72e-10 s                  ; 2.69e-10 s                  ; Yes                        ; Yes                        ; 2.62 V                      ; 4.05e-08 V                  ; 2.72 V             ; -0.0349 V          ; 0.173 V                             ; 0.1 V                               ; 2.72e-10 s                 ; 2.69e-10 s                 ; Yes                       ; Yes                       ;
; ~ALTERA_DCLK~ ; 2.5 V        ; 0 s                 ; 0 s                 ; 2.62 V                       ; 2.22e-08 V                   ; 2.74 V              ; -0.06 V             ; 0.158 V                              ; 0.08 V                               ; 2.68e-10 s                  ; 2.19e-10 s                  ; Yes                        ; Yes                        ; 2.62 V                      ; 2.22e-08 V                  ; 2.74 V             ; -0.06 V            ; 0.158 V                             ; 0.08 V                              ; 2.68e-10 s                 ; 2.19e-10 s                 ; Yes                       ; Yes                       ;
; ~ALTERA_nCEO~ ; 2.5 V        ; 0 s                 ; 0 s                 ; 2.62 V                       ; 3.54e-08 V                   ; 2.7 V               ; -0.00943 V          ; 0.276 V                              ; 0.035 V                              ; 3.19e-10 s                  ; 4.99e-10 s                  ; No                         ; Yes                        ; 2.62 V                      ; 3.54e-08 V                  ; 2.7 V              ; -0.00943 V         ; 0.276 V                             ; 0.035 V                             ; 3.19e-10 s                 ; 4.99e-10 s                 ; No                        ; Yes                       ;
+---------------+--------------+---------------------+---------------------+------------------------------+------------------------------+---------------------+---------------------+--------------------------------------+--------------------------------------+-----------------------------+-----------------------------+----------------------------+----------------------------+-----------------------------+-----------------------------+--------------------+--------------------+-------------------------------------+-------------------------------------+----------------------------+----------------------------+---------------------------+---------------------------+


+-----------------------------------------------------------------------------------------+
; Setup Transfers                                                                         ;
+----------------------+----------------------+----------+----------+----------+----------+
; From Clock           ; To Clock             ; RR Paths ; FR Paths ; RF Paths ; FF Paths ;
+----------------------+----------------------+----------+----------+----------+----------+
; clock                ; clock                ; 1340     ; 0        ; 0        ; 0        ;
; inst1                ; clock                ; 1        ; 1        ; 0        ; 0        ;
; inst9                ; clock                ; 1        ; 1        ; 0        ; 0        ;
; clock3               ; clock3               ; 36       ; 0        ; 0        ; 0        ;
; debounce:inst3|inst1 ; debounce:inst3|inst1 ; 10       ; 0        ; 0        ; 0        ;
; debounce:inst4|inst1 ; debounce:inst4|inst1 ; 10       ; 0        ; 0        ; 0        ;
; debounce:inst3|inst1 ; inst1                ; 1        ; 1        ; 0        ; 0        ;
; debounce:inst4|inst1 ; inst1                ; 1        ; 1        ; 0        ; 0        ;
; inst9                ; inst9                ; 3        ; 0        ; 0        ; 0        ;
+----------------------+----------------------+----------+----------+----------+----------+
Entries labeled "false path" only account for clock-to-clock false paths and not path-based false paths. As a result, actual path counts may be lower than reported.


+-----------------------------------------------------------------------------------------+
; Hold Transfers                                                                          ;
+----------------------+----------------------+----------+----------+----------+----------+
; From Clock           ; To Clock             ; RR Paths ; FR Paths ; RF Paths ; FF Paths ;
+----------------------+----------------------+----------+----------+----------+----------+
; clock                ; clock                ; 1340     ; 0        ; 0        ; 0        ;
; inst1                ; clock                ; 1        ; 1        ; 0        ; 0        ;
; inst9                ; clock                ; 1        ; 1        ; 0        ; 0        ;
; clock3               ; clock3               ; 36       ; 0        ; 0        ; 0        ;
; debounce:inst3|inst1 ; debounce:inst3|inst1 ; 10       ; 0        ; 0        ; 0        ;
; debounce:inst4|inst1 ; debounce:inst4|inst1 ; 10       ; 0        ; 0        ; 0        ;
; debounce:inst3|inst1 ; inst1                ; 1        ; 1        ; 0        ; 0        ;
; debounce:inst4|inst1 ; inst1                ; 1        ; 1        ; 0        ; 0        ;
; inst9                ; inst9                ; 3        ; 0        ; 0        ; 0        ;
+----------------------+----------------------+----------+----------+----------+----------+
Entries labeled "false path" only account for clock-to-clock false paths and not path-based false paths. As a result, actual path counts may be lower than reported.


+-----------------------------------------------------------------------------------------+
; Recovery Transfers                                                                      ;
+----------------------+----------------------+----------+----------+----------+----------+
; From Clock           ; To Clock             ; RR Paths ; FR Paths ; RF Paths ; FF Paths ;
+----------------------+----------------------+----------+----------+----------+----------+
; debounce:inst3|inst1 ; debounce:inst3|inst1 ; 16       ; 0        ; 0        ; 0        ;
; debounce:inst4|inst1 ; debounce:inst4|inst1 ; 16       ; 0        ; 0        ; 0        ;
+----------------------+----------------------+----------+----------+----------+----------+
Entries labeled "false path" only account for clock-to-clock false paths and not path-based false paths. As a result, actual path counts may be lower than reported.


+-----------------------------------------------------------------------------------------+
; Removal Transfers                                                                       ;
+----------------------+----------------------+----------+----------+----------+----------+
; From Clock           ; To Clock             ; RR Paths ; FR Paths ; RF Paths ; FF Paths ;
+----------------------+----------------------+----------+----------+----------+----------+
; debounce:inst3|inst1 ; debounce:inst3|inst1 ; 16       ; 0        ; 0        ; 0        ;
; debounce:inst4|inst1 ; debounce:inst4|inst1 ; 16       ; 0        ; 0        ; 0        ;
+----------------------+----------------------+----------+----------+----------+----------+
Entries labeled "false path" only account for clock-to-clock false paths and not path-based false paths. As a result, actual path counts may be lower than reported.


---------------
; Report TCCS ;
---------------
No dedicated SERDES Transmitter circuitry present in device or used in design


---------------
; Report RSKM ;
---------------
No non-DPA dedicated SERDES Receiver circuitry present in device or used in design


+------------------------------------------------+
; Unconstrained Paths Summary                    ;
+---------------------------------+-------+------+
; Property                        ; Setup ; Hold ;
+---------------------------------+-------+------+
; Illegal Clocks                  ; 0     ; 0    ;
; Unconstrained Clocks            ; 0     ; 0    ;
; Unconstrained Input Ports       ; 12    ; 12   ;
; Unconstrained Input Port Paths  ; 26    ; 26   ;
; Unconstrained Output Ports      ; 10    ; 10   ;
; Unconstrained Output Port Paths ; 86    ; 86   ;
+---------------------------------+-------+------+


+------------------------------------------------------------------+
; Clock Status Summary                                             ;
+----------------------+----------------------+------+-------------+
; Target               ; Clock                ; Type ; Status      ;
+----------------------+----------------------+------+-------------+
; clock                ; clock                ; Base ; Constrained ;
; clock3               ; clock3               ; Base ; Constrained ;
; debounce:inst3|inst1 ; debounce:inst3|inst1 ; Base ; Constrained ;
; debounce:inst4|inst1 ; debounce:inst4|inst1 ; Base ; Constrained ;
; inst1                ; inst1                ; Base ; Constrained ;
; inst9                ; inst9                ; Base ; Constrained ;
+----------------------+----------------------+------+-------------+


+------------------------------------------------------------------------------------------------------+
; Unconstrained Input Ports                                                                            ;
+---------------+--------------------------------------------------------------------------------------+
; Input Port    ; Comment                                                                              ;
+---------------+--------------------------------------------------------------------------------------+
; enable        ; No input delay, min/max delays, false-path exceptions, or max skew assignments found ;
; key[2]        ; No input delay, min/max delays, false-path exceptions, or max skew assignments found ;
; key[3]        ; No input delay, min/max delays, false-path exceptions, or max skew assignments found ;
; lfsr_value[0] ; No input delay, min/max delays, false-path exceptions, or max skew assignments found ;
; lfsr_value[1] ; No input delay, min/max delays, false-path exceptions, or max skew assignments found ;
; lfsr_value[2] ; No input delay, min/max delays, false-path exceptions, or max skew assignments found ;
; lfsr_value[3] ; No input delay, min/max delays, false-path exceptions, or max skew assignments found ;
; lfsr_value[4] ; No input delay, min/max delays, false-path exceptions, or max skew assignments found ;
; lfsr_value[5] ; No input delay, min/max delays, false-path exceptions, or max skew assignments found ;
; lfsr_value[6] ; No input delay, min/max delays, false-path exceptions, or max skew assignments found ;
; lfsr_value[7] ; No input delay, min/max delays, false-path exceptions, or max skew assignments found ;
; rst_n         ; No input delay, min/max delays, false-path exceptions, or max skew assignments found ;
+---------------+--------------------------------------------------------------------------------------+


+-----------------------------------------------------------------------------------------------------+
; Unconstrained Output Ports                                                                          ;
+-------------+---------------------------------------------------------------------------------------+
; Output Port ; Comment                                                                               ;
+-------------+---------------------------------------------------------------------------------------+
; dalay_done  ; No output delay, min/max delays, false-path exceptions, or max skew assignments found ;
; dig[3]      ; No output delay, min/max delays, false-path exceptions, or max skew assignments found ;
; dig[4]      ; No output delay, min/max delays, false-path exceptions, or max skew assignments found ;
; seg[0]      ; No output delay, min/max delays, false-path exceptions, or max skew assignments found ;
; seg[1]      ; No output delay, min/max delays, false-path exceptions, or max skew assignments found ;
; seg[2]      ; No output delay, min/max delays, false-path exceptions, or max skew assignments found ;
; seg[3]      ; No output delay, min/max delays, false-path exceptions, or max skew assignments found ;
; seg[4]      ; No output delay, min/max delays, false-path exceptions, or max skew assignments found ;
; seg[5]      ; No output delay, min/max delays, false-path exceptions, or max skew assignments found ;
; seg[6]      ; No output delay, min/max delays, false-path exceptions, or max skew assignments found ;
+-------------+---------------------------------------------------------------------------------------+


+------------------------------------------------------------------------------------------------------+
; Unconstrained Input Ports                                                                            ;
+---------------+--------------------------------------------------------------------------------------+
; Input Port    ; Comment                                                                              ;
+---------------+--------------------------------------------------------------------------------------+
; enable        ; No input delay, min/max delays, false-path exceptions, or max skew assignments found ;
; key[2]        ; No input delay, min/max delays, false-path exceptions, or max skew assignments found ;
; key[3]        ; No input delay, min/max delays, false-path exceptions, or max skew assignments found ;
; lfsr_value[0] ; No input delay, min/max delays, false-path exceptions, or max skew assignments found ;
; lfsr_value[1] ; No input delay, min/max delays, false-path exceptions, or max skew assignments found ;
; lfsr_value[2] ; No input delay, min/max delays, false-path exceptions, or max skew assignments found ;
; lfsr_value[3] ; No input delay, min/max delays, false-path exceptions, or max skew assignments found ;
; lfsr_value[4] ; No input delay, min/max delays, false-path exceptions, or max skew assignments found ;
; lfsr_value[5] ; No input delay, min/max delays, false-path exceptions, or max skew assignments found ;
; lfsr_value[6] ; No input delay, min/max delays, false-path exceptions, or max skew assignments found ;
; lfsr_value[7] ; No input delay, min/max delays, false-path exceptions, or max skew assignments found ;
; rst_n         ; No input delay, min/max delays, false-path exceptions, or max skew assignments found ;
+---------------+--------------------------------------------------------------------------------------+


+-----------------------------------------------------------------------------------------------------+
; Unconstrained Output Ports                                                                          ;
+-------------+---------------------------------------------------------------------------------------+
; Output Port ; Comment                                                                               ;
+-------------+---------------------------------------------------------------------------------------+
; dalay_done  ; No output delay, min/max delays, false-path exceptions, or max skew assignments found ;
; dig[3]      ; No output delay, min/max delays, false-path exceptions, or max skew assignments found ;
; dig[4]      ; No output delay, min/max delays, false-path exceptions, or max skew assignments found ;
; seg[0]      ; No output delay, min/max delays, false-path exceptions, or max skew assignments found ;
; seg[1]      ; No output delay, min/max delays, false-path exceptions, or max skew assignments found ;
; seg[2]      ; No output delay, min/max delays, false-path exceptions, or max skew assignments found ;
; seg[3]      ; No output delay, min/max delays, false-path exceptions, or max skew assignments found ;
; seg[4]      ; No output delay, min/max delays, false-path exceptions, or max skew assignments found ;
; seg[5]      ; No output delay, min/max delays, false-path exceptions, or max skew assignments found ;
; seg[6]      ; No output delay, min/max delays, false-path exceptions, or max skew assignments found ;
+-------------+---------------------------------------------------------------------------------------+


+--------------------------+
; Timing Analyzer Messages ;
+--------------------------+
Info: *******************************************************************
Info: Running Quartus Prime Timing Analyzer
    Info: Version 25.1std.0 Build 1129 10/21/2025 SC Lite Edition
    Info: Processing started: Wed Mar 25 22:27:02 2026
Info: Command: quartus_sta jogo_de_velocidade -c jogo_de_velocidade
Info: qsta_default_script.tcl version: #1
Info (20030): Parallel compilation is enabled and will use 16 of the 16 processors detected
Info (21077): Low junction temperature is 0 degrees C
Info (21077): High junction temperature is 85 degrees C
Critical Warning (332012): Synopsys Design Constraints File file not found: 'jogo_de_velocidade.sdc'. A Synopsys Design Constraints File is required by the Timing Analyzer to get proper timing constraints. Without it, the Compiler will not properly optimize the design.
Info (332142): No user constrained base clocks found in the design. Calling "derive_clocks -period 1.0"
Info (332105): Deriving Clocks
    Info (332105): create_clock -period 1.000 -name clock3 clock3
    Info (332105): create_clock -period 1.000 -name clock clock
    Info (332105): create_clock -period 1.000 -name inst9 inst9
    Info (332105): create_clock -period 1.000 -name debounce:inst4|inst1 debounce:inst4|inst1
    Info (332105): create_clock -period 1.000 -name inst1 inst1
    Info (332105): create_clock -period 1.000 -name debounce:inst3|inst1 debounce:inst3|inst1
Info (332143): No user constrained clock uncertainty found in the design. Calling "derive_clock_uncertainty"
Info (332123): Deriving Clock Uncertainty. Please refer to report_sdc in the Timing Analyzer to see clock uncertainties.
Info: Found TIMING_ANALYZER_REPORT_SCRIPT_INCLUDE_DEFAULT_ANALYSIS = ON
Info: Analyzing Slow 1200mV 85C Model
Critical Warning (332148): Timing requirements not met
    Info (11105): For recommendations on closing timing, run Report Timing Closure Recommendations in the Timing Analyzer.
Info (332146): Worst-case setup slack is -4.936
    Info (332119):     Slack       End Point TNS Clock 
    Info (332119): ========= =================== =====================
    Info (332119):    -4.936            -131.983 clock 
    Info (332119):    -1.371              -8.551 clock3 
    Info (332119):    -0.664              -1.249 inst1 
    Info (332119):    -0.354              -0.738 debounce:inst4|inst1 
    Info (332119):    -0.343              -0.874 debounce:inst3|inst1 
    Info (332119):    -0.029              -0.029 inst9 
Info (332146): Worst-case hold slack is 0.452
    Info (332119):     Slack       End Point TNS Clock 
    Info (332119): ========= =================== =====================
    Info (332119):     0.452               0.000 debounce:inst3|inst1 
    Info (332119):     0.452               0.000 debounce:inst4|inst1 
    Info (332119):     0.452               0.000 inst9 
    Info (332119):     0.492               0.000 clock3 
    Info (332119):     0.740               0.000 clock 
    Info (332119):     0.772               0.000 inst1 
Info (332146): Worst-case recovery slack is -1.844
    Info (332119):     Slack       End Point TNS Clock 
    Info (332119): ========= =================== =====================
    Info (332119):    -1.844              -7.376 debounce:inst4|inst1 
    Info (332119):    -1.725              -6.900 debounce:inst3|inst1 
Info (332146): Worst-case removal slack is 2.021
    Info (332119):     Slack       End Point TNS Clock 
    Info (332119): ========= =================== =====================
    Info (332119):     2.021               0.000 debounce:inst3|inst1 
    Info (332119):     2.066               0.000 debounce:inst4|inst1 
Info (332146): Worst-case minimum pulse width slack is -3.000
    Info (332119):     Slack       End Point TNS Clock 
    Info (332119): ========= =================== =====================
    Info (332119):    -3.000             -52.071 clock 
    Info (332119):    -3.000             -14.896 clock3 
    Info (332119):    -1.487              -5.948 debounce:inst3|inst1 
    Info (332119):    -1.487              -5.948 debounce:inst4|inst1 
    Info (332119):    -1.487              -5.948 inst1 
    Info (332119):    -1.487              -2.974 inst9 
Info: Analyzing Slow 1200mV 0C Model
Info (334003): Started post-fitting delay annotation
Info (334004): Delay annotation completed successfully
Info (332123): Deriving Clock Uncertainty. Please refer to report_sdc in the Timing Analyzer to see clock uncertainties.
Critical Warning (332148): Timing requirements not met
    Info (11105): For recommendations on closing timing, run Report Timing Closure Recommendations in the Timing Analyzer.
Info (332146): Worst-case setup slack is -4.642
    Info (332119):     Slack       End Point TNS Clock 
    Info (332119): ========= =================== =====================
    Info (332119):    -4.642            -119.666 clock 
    Info (332119):    -1.140              -6.935 clock3 
    Info (332119):    -0.467              -0.866 inst1 
    Info (332119):    -0.219              -0.424 debounce:inst4|inst1 
    Info (332119):    -0.208              -0.515 debounce:inst3|inst1 
    Info (332119):     0.067               0.000 inst9 
Info (332146): Worst-case hold slack is 0.400
    Info (332119):     Slack       End Point TNS Clock 
    Info (332119): ========= =================== =====================
    Info (332119):     0.400               0.000 debounce:inst3|inst1 
    Info (332119):     0.400               0.000 debounce:inst4|inst1 
    Info (332119):     0.401               0.000 inst9 
    Info (332119):     0.455               0.000 clock3 
    Info (332119):     0.688               0.000 clock 
    Info (332119):     0.743               0.000 inst1 
Info (332146): Worst-case recovery slack is -1.599
    Info (332119):     Slack       End Point TNS Clock 
    Info (332119): ========= =================== =====================
    Info (332119):    -1.599              -6.396 debounce:inst4|inst1 
    Info (332119):    -1.484              -5.936 debounce:inst3|inst1 
Info (332146): Worst-case removal slack is 1.845
    Info (332119):     Slack       End Point TNS Clock 
    Info (332119): ========= =================== =====================
    Info (332119):     1.845               0.000 debounce:inst3|inst1 
    Info (332119):     1.915               0.000 debounce:inst4|inst1 
Info (332146): Worst-case minimum pulse width slack is -3.000
    Info (332119):     Slack       End Point TNS Clock 
    Info (332119): ========= =================== =====================
    Info (332119):    -3.000             -52.071 clock 
    Info (332119):    -3.000             -14.896 clock3 
    Info (332119):    -1.487              -5.948 debounce:inst3|inst1 
    Info (332119):    -1.487              -5.948 debounce:inst4|inst1 
    Info (332119):    -1.487              -5.948 inst1 
    Info (332119):    -1.487              -2.974 inst9 
Info: Analyzing Fast 1200mV 0C Model
Info (332123): Deriving Clock Uncertainty. Please refer to report_sdc in the Timing Analyzer to see clock uncertainties.
Critical Warning (332148): Timing requirements not met
    Info (11105): For recommendations on closing timing, run Report Timing Closure Recommendations in the Timing Analyzer.
Info (332146): Worst-case setup slack is -1.542
    Info (332119):     Slack       End Point TNS Clock 
    Info (332119): ========= =================== =====================
    Info (332119):    -1.542             -37.873 clock 
    Info (332119):    -0.214              -0.387 inst1 
    Info (332119):    -0.026              -0.048 clock3 
    Info (332119):     0.403               0.000 debounce:inst4|inst1 
    Info (332119):     0.410               0.000 debounce:inst3|inst1 
    Info (332119):     0.552               0.000 inst9 
Info (332146): Worst-case hold slack is 0.186
    Info (332119):     Slack       End Point TNS Clock 
    Info (332119): ========= =================== =====================
    Info (332119):     0.186               0.000 debounce:inst3|inst1 
    Info (332119):     0.186               0.000 debounce:inst4|inst1 
    Info (332119):     0.186               0.000 inst9 
    Info (332119):     0.196               0.000 clock3 
    Info (332119):     0.267               0.000 clock 
    Info (332119):     0.303               0.000 inst1 
Info (332146): Worst-case recovery slack is -0.237
    Info (332119):     Slack       End Point TNS Clock 
    Info (332119): ========= =================== =====================
    Info (332119):    -0.237              -0.948 debounce:inst4|inst1 
    Info (332119):    -0.184              -0.736 debounce:inst3|inst1 
Info (332146): Worst-case removal slack is 0.853
    Info (332119):     Slack       End Point TNS Clock 
    Info (332119): ========= =================== =====================
    Info (332119):     0.853               0.000 debounce:inst3|inst1 
    Info (332119):     0.856               0.000 debounce:inst4|inst1 
Info (332146): Worst-case minimum pulse width slack is -3.000
    Info (332119):     Slack       End Point TNS Clock 
    Info (332119): ========= =================== =====================
    Info (332119):    -3.000             -38.147 clock 
    Info (332119):    -3.000             -11.512 clock3 
    Info (332119):    -1.000              -4.000 debounce:inst3|inst1 
    Info (332119):    -1.000              -4.000 debounce:inst4|inst1 
    Info (332119):    -1.000              -4.000 inst1 
    Info (332119):    -1.000              -2.000 inst9 
Info (332102): Design is not fully constrained for setup requirements
Info (332102): Design is not fully constrained for hold requirements
Info: Quartus Prime Timing Analyzer was successful. 0 errors, 4 warnings
    Info: Peak virtual memory: 577 megabytes
    Info: Processing ended: Wed Mar 25 22:27:03 2026
    Info: Elapsed time: 00:00:01
    Info: Total CPU time (on all processors): 00:00:01


